timestamp,quatI,quatJ,quatK,quatReal
97564194,0.08,-0.03,-0.74,0.67
97573937,0.08,-0.03,-0.74,0.67
97575142,0.02,-0.0,-0.73,0.68
97576830,0.02,-0.0,-0.73,0.68
97579683,0.02,-0.0,-0.73,0.68
97581505,0.02,-0.0,-0.73,0.68
97584340,0.02,-0.0,-0.73,0.68
97586746,0.02,-0.0,-0.73,0.68
97588148,0.01,-0.0,-0.73,0.68
97591084,0.01,-0.0,-0.73,0.68
97594086,0.01,-0.0,-0.73,0.68
97597086,0.01,-0.0,-0.73,0.68
97600102,0.01,-0.0,-0.73,0.68
97603141,0.01,-0.0,-0.74,0.68
97606119,0.01,-0.0,-0.74,0.68
97609861,0.01,-0.0,-0.74,0.68
97612110,0.01,-0.0,-0.74,0.68
97615837,0.01,-0.0,-0.74,0.68
97618133,0.01,-0.0,-0.74,0.68
97621097,0.01,-0.0,-0.74,0.68
97624088,0.01,-0.0,-0.74,0.68
97627835,0.01,-0.0,-0.74,0.68
97630093,0.01,0.0,-0.74,0.68
97633144,0.01,0.0,-0.74,0.68
97636099,0.01,0.0,-0.74,0.68
97687200,0.01,0.0,-0.74,0.68
97696935,0.01,0.0,-0.74,0.68
97698116,0.01,0.0,-0.74,0.68
97699733,0.01,0.0,-0.74,0.68
97702457,0.01,0.0,-0.74,0.68
97705091,0.01,0.0,-0.74,0.68
97707104,0.01,0.0,-0.74,0.68
97710631,0.01,0.0,-0.74,0.68
97712680,0.01,0.0,-0.74,0.68
97716187,0.01,0.0,-0.74,0.68
97719901,0.01,0.0,-0.74,0.68
97723533,0.01,0.0,-0.74,0.68
97726664,0.01,0.0,-0.74,0.68
97728001,0.01,0.0,-0.74,0.68
97731244,0.01,0.0,-0.74,0.68
97735764,0.01,0.0,-0.74,0.68
97737393,0.01,0.0,-0.74,0.68
97739824,0.01,0.0,-0.74,0.68
97741898,0.01,0.0,-0.74,0.68
97744628,0.01,0.0,-0.74,0.68
97747905,0.01,0.0,-0.74,0.68
97750161,0.01,0.0,-0.74,0.68
97753150,0.01,0.0,-0.74,0.68
97756132,0.01,0.0,-0.74,0.68
97759140,0.01,0.0,-0.74,0.68
97762161,0.01,0.0,-0.74,0.68
97765271,0.01,0.0,-0.74,0.68
97768124,0.01,0.0,-0.74,0.68
97771089,0.01,0.0,-0.74,0.68
97774077,0.01,0.0,-0.74,0.68
97777863,0.01,0.0,-0.74,0.68
97780850,0.01,0.0,-0.74,0.68
97783091,0.01,0.0,-0.74,0.68
97786081,0.01,0.0,-0.74,0.68
97789085,0.01,0.0,-0.74,0.68
97792815,0.01,0.0,-0.74,0.68
97795236,0.01,0.0,-0.74,0.68
97798371,0.01,0.0,-0.74,0.68
97801232,0.01,0.0,-0.74,0.68
97804088,0.01,0.0,-0.74,0.68
97807777,0.01,0.0,-0.74,0.68
97810105,0.01,0.0,-0.74,0.68
97813093,0.01,0.0,-0.73,0.68
97816134,0.01,0.0,-0.73,0.68
97819822,0.01,0.0,-0.73,0.68
97822119,0.01,0.0,-0.73,0.68
97825747,0.01,0.0,-0.73,0.68
97828089,0.01,0.0,-0.73,0.68
97831089,0.01,0.0,-0.73,0.68
97834142,0.01,0.0,-0.73,0.68
97837790,0.01,0.0,-0.73,0.68
97840110,0.01,0.0,-0.73,0.68
97843090,0.01,0.0,-0.73,0.68
97846097,0.01,0.0,-0.73,0.68
97849098,0.01,0.0,-0.73,0.68
97852847,0.01,0.0,-0.73,0.68
97855202,0.01,0.0,-0.73,0.68
97858131,0.01,0.0,-0.73,0.68
97861114,0.01,0.0,-0.73,0.68
97864766,0.01,0.0,-0.73,0.68
97867807,0.01,0.0,-0.73,0.68
97870101,0.01,0.0,-0.73,0.68
97873090,0.01,0.0,-0.73,0.68
97876243,0.01,0.0,-0.73,0.68
97879818,0.01,0.0,-0.73,0.68
97882182,0.01,0.0,-0.73,0.68
97885684,0.01,0.0,-0.73,0.68
97888083,0.01,0.0,-0.73,0.68
97891143,0.01,0.0,-0.73,0.68
97894083,0.01,-0.0,-0.73,0.68
97897107,0.01,-0.0,-0.73,0.68
97900126,0.01,-0.0,-0.73,0.68
97903303,0.01,-0.0,-0.73,0.68
97906098,0.01,-0.0,-0.73,0.68
97909130,0.01,-0.0,-0.73,0.68
97912779,0.01,-0.0,-0.73,0.68
97915087,0.01,-0.0,-0.73,0.68
97918080,0.01,-0.0,-0.73,0.68
97921073,0.01,-0.0,-0.73,0.68
97924859,0.01,-0.0,-0.73,0.68
97927203,0.01,-0.0,-0.73,0.68
97930084,0.01,-0.0,-0.73,0.68
97933084,0.01,-0.0,-0.73,0.68
97936153,0.01,-0.0,-0.73,0.68
97939937,0.01,-0.0,-0.73,0.68
97942146,0.01,-0.0,-0.73,0.68
97945593,0.01,-0.0,-0.73,0.68
97948083,0.01,-0.0,-0.73,0.68
97951204,0.01,-0.0,-0.73,0.68
97954088,0.01,-0.0,-0.73,0.68
97957766,0.01,-0.0,-0.73,0.68
97960113,0.01,-0.0,-0.73,0.68
97963171,0.01,-0.0,-0.73,0.68
97966796,0.01,-0.0,-0.73,0.68
97969134,0.01,-0.0,-0.73,0.68
97972096,0.01,-0.0,-0.73,0.68
97975078,0.01,-0.0,-0.73,0.68
97978105,0.01,-0.0,-0.73,0.68
97981085,0.01,-0.0,-0.73,0.68
97984805,0.01,-0.0,-0.73,0.68
97987088,0.01,-0.0,-0.73,0.68
97990106,0.01,-0.0,-0.73,0.68
97993085,0.01,-0.0,-0.73,0.68
97996135,0.01,-0.0,-0.73,0.68
97999866,0.01,-0.0,-0.73,0.68
98002245,0.01,-0.0,-0.73,0.68
98005356,0.01,-0.0,-0.73,0.68
98008080,0.01,-0.0,-0.73,0.68
98011177,0.01,-0.0,-0.73,0.68
98014092,0.01,-0.0,-0.73,0.68
98017749,0.01,-0.0,-0.73,0.68
98020275,0.01,-0.0,-0.73,0.68
98023076,0.01,-0.0,-0.73,0.68
98026187,0.01,-0.0,-0.73,0.68
98029770,0.01,-0.0,-0.73,0.68
98032105,0.01,-0.0,-0.73,0.68
98035410,0.01,-0.0,-0.73,0.68
98038083,0.01,-0.0,-0.73,0.68
98041081,0.01,0.0,-0.73,0.68
98044809,0.01,0.0,-0.73,0.68
98047095,0.01,0.0,-0.73,0.68
98050207,0.01,0.0,-0.73,0.68
98053085,0.01,0.0,-0.73,0.68
98056142,0.01,0.0,-0.73,0.68
98059823,0.01,0.0,-0.73,0.68
98062199,0.01,0.0,-0.73,0.68
98065217,0.01,0.0,-0.73,0.68
98068148,0.01,0.0,-0.73,0.68
98071158,0.01,0.0,-0.73,0.68
98074085,0.01,0.0,-0.73,0.68
98078302,0.01,0.0,-0.73,0.69
98080881,0.01,0.0,-0.73,0.69
98083103,0.01,0.0,-0.73,0.69
98086078,0.01,0.0,-0.73,0.69
98089096,0.01,0.0,-0.73,0.69
98092110,0.01,0.0,-0.73,0.69
98095138,0.01,0.0,-0.73,0.69
98098091,0.01,0.0,-0.73,0.69
98101185,0.01,0.0,-0.73,0.69
98104751,0.01,0.0,-0.73,0.69
98107103,0.01,0.0,-0.73,0.69
98110201,0.01,0.0,-0.73,0.69
98113229,0.01,0.0,-0.73,0.69
98116128,0.01,0.0,-0.73,0.69
98119858,0.01,0.0,-0.73,0.69
98122193,0.01,0.0,-0.73,0.69
98125124,0.01,0.0,-0.73,0.69
98128146,0.01,0.0,-0.73,0.69
98131079,0.01,0.0,-0.73,0.69
98134081,0.01,0.0,-0.73,0.69
98137088,0.01,0.0,-0.72,0.69
98140823,0.01,0.0,-0.72,0.69
98143747,0.01,0.0,-0.72,0.69
98146077,0.01,0.0,-0.72,0.69
98149093,0.01,0.0,-0.72,0.69
98152201,0.01,0.0,-0.72,0.69
98155119,0.01,0.0,-0.72,0.69
98158089,0.01,0.0,-0.72,0.69
98161085,0.01,0.0,-0.72,0.69
98164118,0.01,0.0,-0.72,0.69
98167078,0.01,0.01,-0.72,0.69
98170180,0.01,0.01,-0.72,0.69
98173152,0.01,0.01,-0.72,0.69
98176232,0.01,0.01,-0.72,0.69
98179815,0.01,0.01,-0.72,0.69
98182676,0.01,0.01,-0.72,0.69
98185119,0.01,0.01,-0.72,0.69
98188111,0.01,0.01,-0.72,0.69
98191107,0.01,0.01,-0.72,0.69
98194787,0.01,0.01,-0.72,0.69
98197592,0.01,0.01,-0.72,0.69
98200122,0.01,0.01,-0.72,0.69
98203114,0.01,0.01,-0.72,0.69
98206075,0.01,0.01,-0.72,0.69
98209755,0.01,0.01,-0.72,0.69
98212095,0.01,0.01,-0.72,0.69
98215606,0.01,0.01,-0.72,0.69
98218089,0.01,0.01,-0.72,0.69
98221077,0.01,0.01,-0.72,0.69
98224111,0.01,0.01,-0.72,0.69
98227988,0.01,0.01,-0.72,0.69
98230161,0.01,0.01,-0.72,0.69
98233186,0.01,0.01,-0.72,0.69
98236130,0.01,0.01,-0.72,0.69
98239816,0.01,0.01,-0.72,0.69
98242182,0.01,0.01,-0.72,0.69
98245131,0.01,0.01,-0.72,0.69
98248099,0.01,0.01,-0.72,0.69
98251200,0.01,0.01,-0.72,0.69
98254773,0.01,0.01,-0.72,0.69
98257158,0.01,0.01,-0.72,0.69
98260348,0.01,0.01,-0.72,0.69
98263085,0.0,0.01,-0.72,0.69
98266111,0.0,0.01,-0.72,0.69
98269742,0.0,0.01,-0.72,0.69
98272138,0.0,0.01,-0.72,0.69
98275181,0.0,0.01,-0.72,0.69
98278094,0.0,0.01,-0.72,0.69
98281083,0.0,0.01,-0.72,0.69
98284758,0.0,0.01,-0.72,0.69
98287204,0.0,0.01,-0.72,0.69
98290099,0.0,0.01,-0.72,0.69
98293074,0.0,0.01,-0.72,0.69
98296148,0.0,0.01,-0.72,0.69
98299786,0.0,0.01,-0.72,0.69
98302570,0.0,0.01,-0.72,0.69
98305119,0.0,0.01,-0.72,0.69
98308094,0.0,0.01,-0.72,0.69
98311085,0.0,0.01,-0.72,0.69
98314103,0.0,0.01,-0.72,0.69
98317126,0.0,0.01,-0.72,0.69
98320745,0.0,0.01,-0.72,0.69
98323750,0.0,0.01,-0.73,0.69
98326176,0.0,0.01,-0.73,0.69
98329110,0.0,0.01,-0.73,0.69
98332106,0.0,0.01,-0.73,0.69
98335127,-0.0,0.01,-0.73,0.69
98338167,-0.0,0.01,-0.73,0.69
98341749,-0.0,0.01,-0.73,0.69
98344096,-0.0,0.01,-0.73,0.69
98347118,-0.0,0.01,-0.73,0.69
98350101,-0.0,0.01,-0.73,0.69
98353093,-0.0,0.01,-0.73,0.69
98356137,-0.0,0.01,-0.73,0.69
98359809,-0.0,0.01,-0.73,0.69
98362158,-0.0,0.01,-0.73,0.69
98365147,-0.0,0.01,-0.73,0.69
98368117,-0.0,0.01,-0.73,0.69
98371083,-0.0,0.01,-0.73,0.69
98374750,-0.0,0.01,-0.73,0.69
98377211,-0.0,0.01,-0.73,0.69
98380134,-0.0,0.01,-0.73,0.69
98383081,-0.0,0.01,-0.73,0.69
98386850,-0.0,0.01,-0.73,0.69
98389103,-0.0,0.01,-0.73,0.69
98392103,-0.0,0.01,-0.73,0.69
98395081,-0.0,0.01,-0.73,0.69
98398086,-0.0,0.01,-0.73,0.69
98401924,-0.0,0.01,-0.73,0.69
98404097,-0.0,0.01,-0.73,0.69
98407464,-0.0,0.01,-0.73,0.69
98410073,-0.0,0.01,-0.73,0.69
98413077,-0.0,0.01,-0.73,0.69
98416166,-0.0,0.01,-0.73,0.69
98419810,-0.0,0.01,-0.73,0.68
98422128,-0.0,0.02,-0.73,0.68
98425117,-0.0,0.02,-0.73,0.68
98428141,-0.0,0.02,-0.73,0.68
98431084,-0.0,0.02,-0.73,0.68
98434098,-0.0,0.02,-0.73,0.68
98437090,-0.0,0.02,-0.73,0.68
98441472,-0.0,0.02,-0.73,0.68
98443768,-0.0,0.02,-0.73,0.68
98446226,-0.0,0.02,-0.73,0.68
98449126,-0.0,0.02,-0.73,0.68
98452324,-0.0,0.02,-0.73,0.68
98455092,-0.0,0.02,-0.73,0.68
98458087,-0.0,0.02,-0.73,0.68
98461757,-0.0,0.02,-0.73,0.68
98464120,-0.0,0.02,-0.73,0.68
98467106,-0.0,0.02,-0.73,0.68
98470077,-0.0,0.02,-0.73,0.68
98473081,-0.0,0.02,-0.73,0.68
98476914,-0.0,0.02,-0.73,0.68
98479154,-0.0,0.02,-0.73,0.68
98482415,-0.0,0.02,-0.73,0.68
98485116,-0.0,0.02,-0.73,0.68
98488122,-0.01,0.02,-0.73,0.68
98491078,-0.01,0.02,-0.73,0.68
98494766,-0.01,0.02,-0.73,0.68
98497092,-0.01,0.02,-0.73,0.68
98500091,-0.01,0.02,-0.73,0.68
98503130,-0.01,0.02,-0.73,0.68
98506897,-0.01,0.02,-0.73,0.68
98509098,-0.01,0.02,-0.73,0.68
98512584,-0.01,0.02,-0.73,0.68
98515082,-0.01,0.02,-0.73,0.68
98518094,-0.01,0.02,-0.73,0.68
98521828,-0.01,0.02,-0.73,0.68
98524087,-0.01,0.02,-0.73,0.68
98527585,-0.01,0.02,-0.73,0.68
98530077,-0.01,0.02,-0.73,0.68
98533082,-0.01,0.02,-0.73,0.68
98536152,-0.01,0.02,-0.73,0.68
98539786,-0.01,0.02,-0.73,0.68
98542243,-0.01,0.02,-0.73,0.68
98545114,-0.01,0.02,-0.73,0.68
98548088,-0.01,0.02,-0.73,0.68
98551202,-0.01,0.02,-0.73,0.68
98554192,-0.01,0.02,-0.73,0.68
98557876,-0.01,0.02,-0.73,0.68
98560754,-0.01,0.02,-0.73,0.68
98563095,-0.01,0.02,-0.73,0.68
98566105,-0.01,0.02,-0.73,0.68
98569099,-0.01,0.02,-0.73,0.68
98572203,-0.01,0.02,-0.73,0.68
98575107,-0.01,0.02,-0.73,0.68
98578096,-0.01,0.02,-0.73,0.68
98581771,-0.01,0.02,-0.73,0.68
98584173,-0.01,0.02,-0.73,0.68
98587333,-0.01,0.02,-0.73,0.68
98590081,-0.01,0.02,-0.73,0.68
98593075,-0.01,0.02,-0.73,0.68
98596158,-0.01,0.02,-0.73,0.68
98599805,-0.01,0.02,-0.73,0.68
98602274,-0.01,0.02,-0.73,0.68
98605197,-0.01,0.02,-0.73,0.68
98608128,-0.01,0.02,-0.73,0.68
98611096,-0.01,0.02,-0.73,0.68
98615412,-0.01,0.02,-0.73,0.68
98617189,-0.01,0.02,-0.73,0.68
98620082,-0.01,0.02,-0.73,0.68
98623768,-0.01,0.02,-0.73,0.68
98626192,-0.01,0.02,-0.73,0.68
98629106,-0.01,0.02,-0.73,0.68
98632269,-0.01,0.02,-0.73,0.68
98635082,-0.01,0.02,-0.73,0.68
98638078,-0.01,0.02,-0.73,0.68
98641822,-0.01,0.02,-0.73,0.68
98644112,-0.01,0.02,-0.73,0.68
98647451,-0.01,0.02,-0.73,0.68
98650079,-0.01,0.02,-0.73,0.68
98653120,-0.01,0.02,-0.73,0.68
98656149,-0.01,0.02,-0.73,0.68
98660536,-0.01,0.02,-0.73,0.68
98662168,-0.01,0.02,-0.73,0.68
98665191,-0.01,0.02,-0.73,0.68
98668163,-0.01,0.02,-0.73,0.68
98671800,-0.01,0.02,-0.73,0.68
98674767,-0.01,0.02,-0.73,0.68
98677176,-0.01,0.02,-0.73,0.68
98680100,-0.01,0.02,-0.73,0.68
98683109,-0.01,0.02,-0.73,0.68
98686845,-0.01,0.02,-0.73,0.68
98689206,-0.01,0.02,-0.73,0.68
98692233,-0.01,0.02,-0.73,0.68
98695082,-0.01,0.02,-0.73,0.68
98698099,-0.01,0.02,-0.73,0.68
98701852,-0.01,0.02,-0.73,0.68
98704096,-0.01,0.02,-0.73,0.68
98707172,-0.01,0.02,-0.73,0.68
98710078,-0.01,0.02,-0.73,0.68
98713164,-0.01,0.02,-0.73,0.68
98716797,-0.01,0.02,-0.73,0.68
98719135,-0.01,0.02,-0.73,0.68
98722115,-0.01,0.02,-0.73,0.68
98725119,-0.01,0.02,-0.73,0.68
98728782,-0.01,0.02,-0.73,0.68
98731098,-0.01,0.02,-0.73,0.68
98734107,-0.01,0.02,-0.73,0.68
98737139,-0.01,0.02,-0.73,0.68
98740077,-0.01,0.02,-0.73,0.68
98743082,-0.01,0.02,-0.73,0.68
98746802,-0.01,0.02,-0.73,0.68
98749109,-0.01,0.01,-0.73,0.68
98752151,-0.01,0.01,-0.73,0.68
98755090,-0.01,0.01,-0.73,0.68
98758080,-0.01,0.01,-0.73,0.68
98761753,-0.01,0.01,-0.73,0.68
98764100,-0.01,0.01,-0.73,0.68
98767105,-0.01,0.01,-0.73,0.68
98770168,-0.01,0.01,-0.73,0.68
98773768,-0.01,0.01,-0.73,0.68
98776263,-0.01,0.01,-0.73,0.68
98779699,-0.01,0.01,-0.73,0.68
98782115,-0.01,0.01,-0.73,0.68
98785115,-0.01,0.01,-0.73,0.68
98788146,-0.01,0.01,-0.73,0.68
98791763,-0.01,0.01,-0.73,0.68
98794096,-0.01,0.01,-0.73,0.68
98797076,-0.01,0.01,-0.73,0.68
98800107,-0.01,0.01,-0.73,0.68
98803092,-0.01,0.01,-0.73,0.68
98806756,-0.01,0.01,-0.73,0.68
98809146,-0.01,0.01,-0.73,0.68
98812094,-0.01,0.01,-0.73,0.68
98815083,-0.01,0.01,-0.73,0.68
98818766,-0.01,0.01,-0.73,0.68
98821117,-0.01,0.01,-0.73,0.68
98824226,-0.01,0.01,-0.73,0.68
98827204,-0.01,0.01,-0.73,0.68
98830084,-0.01,0.01,-0.73,0.68
98833076,-0.01,0.01,-0.73,0.68
98836829,-0.01,0.01,-0.73,0.68
98839157,-0.01,0.01,-0.73,0.68
98842217,-0.01,0.01,-0.73,0.68
98845117,-0.01,0.01,-0.73,0.68
98848101,-0.01,0.01,-0.73,0.68
98851845,-0.01,0.01,-0.73,0.68
98854128,-0.01,0.01,-0.73,0.68
98857141,-0.01,0.01,-0.73,0.68
98860072,-0.01,0.01,-0.73,0.68
98863079,-0.01,0.01,-0.73,0.68
98866776,-0.01,0.01,-0.73,0.68
98869124,-0.01,0.01,-0.73,0.68
98872243,-0.01,0.01,-0.73,0.68
98875080,-0.01,0.01,-0.73,0.68
98878236,-0.01,0.01,-0.73,0.68
98881793,-0.01,0.01,-0.73,0.68
98884553,-0.01,0.01,-0.73,0.68
98887088,-0.01,0.01,-0.73,0.68
98890135,-0.01,0.01,-0.73,0.68
98893097,-0.01,0.01,-0.73,0.68
98896814,-0.01,0.01,-0.73,0.68
98899142,-0.02,0.01,-0.73,0.68
98902221,-0.02,0.01,-0.73,0.68
98905123,-0.02,0.01,-0.73,0.68
98908098,-0.02,0.01,-0.73,0.68
98911752,-0.02,0.01,-0.73,0.68
98914113,-0.02,0.01,-0.73,0.68
98917261,-0.02,0.01,-0.73,0.68
98920079,-0.02,0.01,-0.73,0.68
98923083,-0.02,0.01,-0.73,0.68
98926866,-0.02,0.01,-0.73,0.68
98929229,-0.02,0.01,-0.73,0.68
98932114,-0.02,0.01,-0.73,0.68
98935079,-0.02,0.01,-0.73,0.68
98938770,-0.02,0.01,-0.73,0.68
98941114,-0.02,0.01,-0.73,0.68
98944077,-0.02,0.01,-0.73,0.68
98947092,-0.02,0.01,-0.73,0.68
98950077,-0.02,0.01,-0.73,0.68
98953091,-0.02,0.01,-0.73,0.68
98956816,-0.02,0.01,-0.73,0.68
98959115,-0.02,0.01,-0.73,0.68
98962299,-0.02,0.01,-0.73,0.68
98965120,-0.02,0.02,-0.73,0.68
98968088,-0.02,0.02,-0.73,0.68
98971807,-0.02,0.02,-0.73,0.68
98974078,-0.02,0.02,-0.73,0.68
98977184,-0.02,0.02,-0.73,0.68
98980168,-0.02,0.02,-0.73,0.68
98983074,-0.02,0.02,-0.73,0.68
98986757,-0.02,0.02,-0.73,0.68
98989102,-0.02,0.02,-0.73,0.68
98992141,-0.02,0.02,-0.73,0.68
98995079,-0.02,0.02,-0.73,0.68
98998935,-0.02,0.02,-0.73,0.68
99001214,-0.02,0.02,-0.73,0.68
99004448,-0.02,0.02,-0.73,0.68
99007076,-0.02,0.02,-0.73,0.68
99010074,-0.02,0.02,-0.73,0.68
99013104,-0.02,0.02,-0.73,0.68
99016812,-0.02,0.02,-0.73,0.68
99019118,-0.02,0.02,-0.73,0.68
99022119,-0.02,0.02,-0.73,0.68
99025139,-0.02,0.02,-0.73,0.68
99028951,-0.02,0.02,-0.73,0.68
99031104,-0.02,0.02,-0.73,0.68
99034104,-0.02,0.02,-0.73,0.68
99037093,-0.02,0.02,-0.73,0.68
99040181,-0.02,0.02,-0.73,0.68
99043835,-0.02,0.02,-0.73,0.68
99046086,-0.02,0.02,-0.73,0.68
99049082,-0.02,0.02,-0.73,0.68
99052205,-0.02,0.02,-0.73,0.68
99055088,-0.02,0.02,-0.73,0.68
99058853,-0.02,0.02,-0.73,0.68
99061100,-0.02,0.02,-0.73,0.68
99064341,-0.02,0.02,-0.73,0.68
99067207,-0.02,0.02,-0.73,0.68
99070084,-0.02,0.02,-0.73,0.68
99073114,-0.02,0.02,-0.73,0.68
99076252,-0.02,0.02,-0.73,0.68
99079359,-0.02,0.02,-0.73,0.68
99082116,-0.02,0.02,-0.73,0.68
99085105,-0.02,0.02,-0.73,0.68
99088781,-0.02,0.02,-0.73,0.68
99091103,-0.02,0.02,-0.73,0.68
99094260,-0.02,0.02,-0.73,0.68
99097180,-0.02,0.02,-0.73,0.68
99100818,-0.02,0.02,-0.73,0.68
99103103,-0.02,0.02,-0.73,0.68
99106105,-0.02,0.02,-0.73,0.68
99109207,-0.02,0.02,-0.73,0.68
99112079,-0.02,0.02,-0.73,0.68
99115084,-0.02,0.02,-0.73,0.68
99118808,-0.02,0.02,-0.73,0.68
99121095,-0.02,0.02,-0.73,0.68
99124214,-0.02,0.02,-0.73,0.68
99127185,-0.02,0.02,-0.73,0.68
99130097,-0.02,0.02,-0.73,0.68
99133099,-0.02,0.02,-0.73,0.68
99137383,-0.02,0.02,-0.74,0.68
99139243,-0.02,0.02,-0.74,0.68
99142115,-0.02,0.02,-0.74,0.68
99145126,-0.02,0.02,-0.74,0.68
99148165,-0.02,0.02,-0.74,0.68
99151859,-0.02,0.02,-0.74,0.68
99154172,-0.02,0.02,-0.74,0.68
99157086,-0.02,0.02,-0.74,0.68
99160077,-0.02,0.02,-0.74,0.68
99163098,-0.02,0.02,-0.74,0.68
99167467,-0.02,0.02,-0.74,0.68
99169829,-0.02,0.02,-0.74,0.68
99172736,-0.02,0.02,-0.74,0.68
99175081,-0.02,0.02,-0.74,0.68
99178105,-0.02,0.02,-0.74,0.67
99181100,-0.02,0.02,-0.74,0.67
99184529,-0.02,0.02,-0.74,0.67
99187101,-0.02,0.02,-0.74,0.67
99190102,-0.02,0.02,-0.74,0.67
99193105,-0.02,0.02,-0.74,0.67
99196172,-0.02,0.02,-0.74,0.67
99199533,-0.02,0.02,-0.74,0.67
99202221,-0.02,0.02,-0.74,0.67
99205120,-0.02,0.02,-0.74,0.67
99208174,-0.02,0.02,-0.74,0.67
99211759,-0.02,0.02,-0.74,0.67
99214111,-0.02,0.02,-0.74,0.67
99217077,-0.02,0.02,-0.74,0.67
99220087,-0.02,0.02,-0.74,0.67
99223132,-0.02,0.02,-0.74,0.67
99226201,-0.02,0.02,-0.74,0.67
99229092,-0.02,0.02,-0.74,0.67
99232086,-0.02,0.02,-0.74,0.67
99235082,-0.02,0.02,-0.74,0.67
99238771,-0.02,0.02,-0.74,0.67
99241094,-0.02,0.02,-0.74,0.67
99244439,-0.02,0.02,-0.74,0.67
99247095,-0.02,0.02,-0.74,0.67
99250094,-0.02,0.02,-0.74,0.67
99253783,-0.02,0.02,-0.74,0.67
99256777,-0.03,0.02,-0.74,0.67
99259147,-0.03,0.02,-0.74,0.67
99262127,-0.03,0.02,-0.74,0.67
99265212,-0.03,0.02,-0.74,0.67
99268823,-0.03,0.02,-0.74,0.67
99271647,-0.03,0.02,-0.74,0.67
99274108,-0.03,0.02,-0.74,0.67
99277188,-0.03,0.02,-0.74,0.67
99280080,-0.03,0.02,-0.74,0.67
99283750,-0.03,0.02,-0.74,0.67
99286094,-0.03,0.02,-0.74,0.67
99289176,-0.03,0.02,-0.74,0.67
99292117,-0.03,0.02,-0.74,0.67
99295080,-0.03,0.02,-0.74,0.67
99298785,-0.03,0.02,-0.74,0.67
99301307,-0.03,0.02,-0.74,0.67
99304105,-0.03,0.02,-0.74,0.67
99307093,-0.03,0.02,-0.74,0.67
99310080,-0.03,0.02,-0.74,0.67
99313106,-0.03,0.02,-0.74,0.67
99317594,-0.03,0.02,-0.74,0.67
99319113,-0.03,0.02,-0.74,0.67
99322114,-0.03,0.02,-0.74,0.67
99325788,-0.03,0.02,-0.74,0.67
99328212,-0.03,0.02,-0.74,0.67
99331170,-0.03,0.02,-0.75,0.67
99334314,-0.03,0.02,-0.75,0.67
99337084,-0.03,0.02,-0.75,0.67
99340084,-0.03,0.02,-0.75,0.67
99343784,-0.03,0.02,-0.75,0.67
99346140,-0.03,0.02,-0.75,0.67
99349092,-0.03,0.02,-0.75,0.67
99352174,-0.03,0.02,-0.75,0.66
99355080,-0.03,0.02,-0.75,0.66
99358759,-0.03,0.02,-0.75,0.66
99361644,-0.03,0.02,-0.75,0.66
99364084,-0.03,0.02,-0.75,0.66
99367124,-0.03,0.02,-0.75,0.66
99370191,-0.03,0.02,-0.75,0.66
99373795,-0.03,0.02,-0.75,0.66
99376826,-0.03,0.02,-0.75,0.66
99379115,-0.03,0.02,-0.75,0.66
99382144,-0.03,0.02,-0.75,0.66
99385118,-0.03,0.02,-0.75,0.66
99388759,-0.03,0.02,-0.75,0.66
99391102,-0.03,0.02,-0.75,0.66
99394100,-0.03,0.02,-0.75,0.66
99397094,-0.03,0.02,-0.75,0.66
99400110,-0.03,0.02,-0.75,0.66
99404302,-0.03,0.02,-0.75,0.66
99406794,-0.03,0.02,-0.75,0.66
99409103,-0.03,0.02,-0.75,0.66
99412082,-0.03,0.02,-0.75,0.66
99415077,-0.03,0.02,-0.75,0.66
99418116,-0.03,0.02,-0.75,0.66
99421103,-0.03,0.02,-0.75,0.66
99424076,-0.03,0.02,-0.75,0.66
99427186,-0.03,0.02,-0.75,0.66
99430832,-0.03,0.02,-0.75,0.66
99433187,-0.03,0.02,-0.75,0.66
99436732,-0.03,0.02,-0.75,0.66
99439117,-0.03,0.02,-0.75,0.66
99442122,-0.03,0.02,-0.75,0.66
99445121,-0.03,0.02,-0.75,0.66
99448757,-0.03,0.02,-0.75,0.66
99451224,-0.03,0.02,-0.75,0.66
99454113,-0.03,0.02,-0.75,0.66
99457080,-0.03,0.02,-0.75,0.66
99460092,-0.03,0.02,-0.75,0.66
99463768,-0.03,0.02,-0.75,0.66
99466103,-0.03,0.02,-0.75,0.66
99469085,-0.03,0.02,-0.75,0.66
99472082,-0.03,0.02,-0.75,0.66
99475124,-0.03,0.02,-0.75,0.66
99478091,-0.03,0.02,-0.75,0.66
99481104,-0.03,0.02,-0.75,0.66
99484093,-0.03,0.02,-0.75,0.66
99487103,-0.03,0.02,-0.75,0.66
99490202,-0.03,0.02,-0.75,0.66
99493799,-0.03,0.02,-0.75,0.66
99496668,-0.03,0.02,-0.75,0.66
99499120,-0.03,0.02,-0.75,0.66
99502268,-0.03,0.02,-0.75,0.66
99505168,-0.03,0.02,-0.75,0.66
99508801,-0.03,0.02,-0.75,0.66
99511090,-0.03,0.02,-0.75,0.66
99514087,-0.03,0.02,-0.75,0.66
99517096,-0.03,0.02,-0.75,0.66
99520767,-0.03,0.02,-0.75,0.66
99523108,-0.03,0.02,-0.75,0.66
99526204,-0.03,0.02,-0.75,0.66
99529109,-0.03,0.02,-0.75,0.66
99532079,-0.03,0.02,-0.75,0.66
99535747,-0.03,0.02,-0.75,0.65
99538195,-0.03,0.02,-0.76,0.65
99541148,-0.03,0.02,-0.76,0.65
99544279,-0.03,0.02,-0.76,0.65
99547102,-0.03,0.02,-0.76,0.65
99550097,-0.03,0.02,-0.76,0.65
99553755,-0.03,0.02,-0.76,0.65
99556157,-0.03,0.02,-0.76,0.65
99559119,-0.03,0.02,-0.76,0.65
99562117,-0.03,0.02,-0.76,0.65
99565837,-0.03,0.02,-0.76,0.65
99568117,-0.03,0.02,-0.76,0.65
99571086,-0.03,0.02,-0.76,0.65
99574138,-0.03,0.02,-0.76,0.65
99577187,-0.03,0.02,-0.76,0.65
99580813,-0.03,0.02,-0.76,0.65
99583108,-0.03,0.02,-0.76,0.65
99586477,-0.03,0.02,-0.76,0.65
99589094,-0.03,0.02,-0.76,0.65
99592097,-0.03,0.02,-0.76,0.65
99595086,-0.02,0.02,-0.76,0.65
99598203,-0.02,0.02,-0.76,0.65
99601404,-0.02,0.02,-0.76,0.65
99604087,-0.02,0.02,-0.76,0.65
99607180,-0.02,0.02,-0.76,0.65
99610094,-0.02,0.02,-0.76,0.65
99613101,-0.02,0.02,-0.76,0.65
99616287,-0.02,0.02,-0.76,0.65
99620458,-0.02,0.02,-0.76,0.65
99622818,-0.02,0.02,-0.76,0.65
99625135,-0.02,0.02,-0.76,0.65
99628139,-0.02,0.02,-0.76,0.65
99631215,-0.02,0.02,-0.76,0.65
99634105,-0.02,0.02,-0.76,0.65
99637078,-0.02,0.02,-0.76,0.65
99640783,-0.02,0.02,-0.76,0.65
99643851,-0.02,0.02,-0.76,0.65
99646242,-0.02,0.02,-0.76,0.65
99649182,-0.02,0.02,-0.76,0.65
99652184,-0.02,0.02,-0.76,0.65
99655781,-0.02,0.02,-0.76,0.65
99658108,-0.02,0.02,-0.76,0.65
99661265,-0.02,0.02,-0.76,0.65
99664111,-0.02,0.02,-0.76,0.65
99667799,-0.02,0.02,-0.76,0.65
99670093,-0.02,0.02,-0.76,0.65
99673093,-0.02,0.02,-0.76,0.65
99676639,-0.02,0.02,-0.76,0.65
99679119,-0.02,0.01,-0.76,0.65
99682116,-0.02,0.01,-0.76,0.65
99685128,-0.02,0.01,-0.76,0.65
99688758,-0.02,0.01,-0.76,0.65
99691187,-0.02,0.01,-0.76,0.65
99694091,-0.02,0.01,-0.76,0.65
99697217,-0.02,0.01,-0.76,0.65
99700833,-0.02,0.01,-0.76,0.65
99703108,-0.02,0.01,-0.76,0.65
99706539,-0.02,0.01,-0.76,0.65
99709143,-0.02,0.01,-0.76,0.65
99712087,-0.02,0.01,-0.76,0.65
99715100,-0.02,0.01,-0.76,0.65
99718123,-0.02,0.01,-0.76,0.65
99721151,-0.02,0.01,-0.76,0.65
99724082,-0.02,0.01,-0.76,0.65
99727873,-0.02,0.01,-0.76,0.65
99730105,-0.02,0.01,-0.76,0.65
99733093,-0.02,0.01,-0.76,0.65
99736159,-0.02,0.01,-0.76,0.65
99739118,-0.02,0.01,-0.76,0.65
99742125,-0.02,0.01,-0.76,0.65
99745138,-0.02,0.01,-0.76,0.65
99748211,-0.02,0.01,-0.76,0.65
99751225,-0.02,0.01,-0.76,0.65
99754085,-0.02,0.01,-0.76,0.65
99757081,-0.02,0.01,-0.76,0.65
99760765,-0.02,0.01,-0.76,0.65
99763096,-0.02,0.01,-0.76,0.65
99766209,-0.02,0.01,-0.76,0.65
99769094,-0.02,0.01,-0.76,0.65
99772083,-0.02,0.01,-0.76,0.65
99775790,-0.02,0.01,-0.76,0.65
99778102,-0.02,0.01,-0.76,0.65
99781116,-0.02,0.01,-0.76,0.65
99784082,-0.02,0.01,-0.76,0.65
99787765,-0.02,0.01,-0.76,0.65
99790108,-0.02,0.01,-0.76,0.65
99793741,-0.02,0.01,-0.76,0.65
99796160,-0.02,0.01,-0.76,0.65
99799200,-0.02,0.01,-0.76,0.65
99802233,-0.02,0.01,-0.76,0.65
99805792,-0.02,0.01,-0.76,0.65
99808144,-0.02,0.0,-0.76,0.65
99811238,-0.02,0.0,-0.76,0.65
99814089,-0.02,0.0,-0.76,0.65
99817089,-0.02,0.0,-0.76,0.65
99820850,-0.02,0.0,-0.76,0.65
99823110,-0.02,0.0,-0.76,0.65
99826190,-0.02,0.0,-0.76,0.65
99829108,-0.02,0.0,-0.76,0.65
99832090,-0.02,0.0,-0.76,0.65
99835756,-0.02,0.0,-0.76,0.65
99838579,-0.02,0.0,-0.76,0.65
99841077,-0.02,0.0,-0.76,0.65
99844084,-0.02,0.0,-0.76,0.65
99847793,-0.02,0.0,-0.76,0.65
99850211,-0.02,0.0,-0.76,0.65
99853854,-0.02,0.0,-0.76,0.65
99856134,-0.02,0.0,-0.76,0.65
99859117,-0.02,0.0,-0.76,0.65
99862133,-0.02,0.0,-0.76,0.65
99865797,-0.02,0.0,-0.76,0.65
99868120,-0.02,-0.0,-0.76,0.65
99871103,-0.02,-0.0,-0.76,0.65
99874111,-0.02,-0.0,-0.76,0.65
99877201,-0.02,-0.0,-0.76,0.65
99880752,-0.02,-0.0,-0.76,0.65
99883150,-0.02,-0.0,-0.76,0.65
99886106,-0.02,-0.0,-0.76,0.65
99889084,-0.02,-0.0,-0.76,0.65
99892080,-0.02,-0.0,-0.76,0.65
99895780,-0.02,-0.0,-0.76,0.65
99898137,-0.02,-0.0,-0.76,0.65
99901184,-0.02,-0.0,-0.76,0.65
99904080,-0.02,-0.0,-0.76,0.65
99907750,-0.02,-0.0,-0.76,0.65
99910157,-0.02,-0.0,-0.76,0.65
99913696,-0.02,-0.0,-0.76,0.65
99916177,-0.02,-0.0,-0.76,0.65
99919121,-0.02,-0.0,-0.76,0.65
99922119,-0.02,-0.0,-0.76,0.66
99925792,-0.02,-0.0,-0.76,0.66
99928137,-0.02,-0.0,-0.76,0.66
99931127,-0.02,-0.0,-0.75,0.66
99934081,-0.02,-0.01,-0.75,0.66
99937077,-0.02,-0.01,-0.75,0.66
99940751,-0.02,-0.01,-0.75,0.66
99943135,-0.02,-0.01,-0.75,0.66
99946280,-0.02,-0.01,-0.75,0.66
99949083,-0.02,-0.01,-0.75,0.66
99952217,-0.02,-0.01,-0.75,0.66
99955755,-0.02,-0.01,-0.75,0.66
99958476,-0.02,-0.01,-0.75,0.66
99961078,-0.02,-0.01,-0.75,0.66
99964178,-0.02,-0.01,-0.75,0.66
99967847,-0.02,-0.01,-0.75,0.66
99970102,-0.02,-0.01,-0.75,0.66
99973100,-0.02,-0.01,-0.75,0.66
99976249,-0.02,-0.01,-0.75,0.66
99979119,-0.02,-0.01,-0.75,0.66
99982115,-0.02,-0.01,-0.75,0.66
99986483,-0.02,-0.01,-0.75,0.66
99988114,-0.02,-0.01,-0.75,0.66
99991091,-0.02,-0.01,-0.75,0.66
99994088,-0.02,-0.01,-0.75,0.66
99997748,-0.02,-0.01,-0.75,0.66
100000849,-0.02,-0.01,-0.75,0.66
100003104,-0.02,-0.01,-0.75,0.66
100006106,-0.02,-0.01,-0.75,0.66
100009093,-0.02,-0.01,-0.75,0.66
100012080,-0.02,-0.01,-0.75,0.66
100015214,-0.02,-0.01,-0.75,0.66
100018832,-0.02,-0.01,-0.75,0.66
100021974,-0.02,-0.01,-0.75,0.66
100024081,-0.02,-0.01,-0.75,0.66
100027255,-0.02,-0.01,-0.75,0.66
100030094,-0.02,-0.01,-0.75,0.66
100033104,-0.02,-0.01,-0.75,0.66
100036136,-0.02,-0.01,-0.75,0.66
100039114,-0.02,-0.01,-0.75,0.66
100042126,-0.02,-0.01,-0.75,0.66
100045809,-0.02,-0.01,-0.75,0.66
100048078,-0.02,-0.01,-0.75,0.66
100051199,-0.02,-0.01,-0.75,0.66
100054080,-0.02,-0.01,-0.75,0.66
100057083,-0.02,-0.01,-0.75,0.66
100060748,-0.02,-0.01,-0.75,0.66
100063496,-0.02,-0.01,-0.75,0.66
100066269,-0.02,-0.01,-0.75,0.66
100069109,-0.02,-0.01,-0.75,0.66
100072104,-0.02,-0.01,-0.75,0.66
100075755,-0.02,-0.01,-0.75,0.66
100078111,-0.02,-0.01,-0.75,0.66
100081103,-0.02,-0.01,-0.75,0.66
100084100,-0.02,-0.01,-0.75,0.66
100087732,-0.02,-0.01,-0.75,0.66
100090088,-0.02,-0.01,-0.75,0.66
100093094,-0.02,-0.01,-0.75,0.66
100096166,-0.02,-0.01,-0.75,0.66
100099114,-0.02,-0.01,-0.75,0.66
100102245,-0.02,-0.01,-0.75,0.66
100105791,-0.02,-0.01,-0.75,0.66
100108100,-0.02,-0.01,-0.75,0.66
100111105,-0.02,-0.01,-0.75,0.66
100114082,-0.02,-0.01,-0.75,0.66
100117773,-0.02,-0.01,-0.75,0.66
100120147,-0.02,-0.02,-0.75,0.66
100123266,-0.02,-0.02,-0.75,0.66
100126273,-0.02,-0.02,-0.75,0.66
100129084,-0.02,-0.02,-0.75,0.66
100132088,-0.02,-0.02,-0.75,0.66
100135084,-0.02,-0.02,-0.75,0.66
100138606,-0.02,-0.02,-0.75,0.66
100141077,-0.02,-0.02,-0.75,0.66
100144084,-0.02,-0.02,-0.75,0.66
100147100,-0.02,-0.02,-0.75,0.66
100150768,-0.02,-0.02,-0.75,0.66
100153258,-0.02,-0.02,-0.75,0.66
100156154,-0.02,-0.02,-0.75,0.66
100159113,-0.02,-0.02,-0.75,0.66
100162145,-0.02,-0.02,-0.75,0.66
100165789,-0.02,-0.02,-0.75,0.66
100168239,-0.02,-0.02,-0.75,0.66
100171079,-0.02,-0.02,-0.75,0.66
100174186,-0.02,-0.02,-0.75,0.67
100177936,-0.02,-0.02,-0.75,0.67
100180135,-0.02,-0.02,-0.75,0.67
100183363,-0.02,-0.02,-0.75,0.67
100186080,-0.02,-0.02,-0.75,0.67
100189090,-0.02,-0.02,-0.75,0.67
100192120,-0.02,-0.02,-0.75,0.67
100195777,-0.02,-0.02,-0.75,0.67
100198256,-0.02,-0.02,-0.75,0.67
100201186,-0.02,-0.02,-0.75,0.67
100204084,-0.02,-0.02,-0.75,0.67
100207861,-0.02,-0.02,-0.75,0.67
100210095,-0.02,-0.02,-0.75,0.67
100213183,-0.02,-0.02,-0.75,0.67
100216217,-0.02,-0.02,-0.75,0.67
100219148,-0.02,-0.02,-0.75,0.67
100222179,-0.02,-0.02,-0.75,0.67
100226612,-0.02,-0.02,-0.75,0.67
100228231,-0.02,-0.02,-0.75,0.67
100231102,-0.02,-0.02,-0.75,0.67
100234170,-0.02,-0.02,-0.75,0.67
100237772,-0.02,-0.02,-0.74,0.67
100240118,-0.02,-0.02,-0.74,0.67
100243261,-0.02,-0.02,-0.74,0.67
100246100,-0.02,-0.02,-0.74,0.67
100249743,-0.02,-0.02,-0.74,0.67
100252220,-0.02,-0.02,-0.74,0.67
100255095,-0.02,-0.02,-0.74,0.67
100258552,-0.02,-0.02,-0.74,0.67
100261077,-0.02,-0.02,-0.74,0.67
100264077,-0.02,-0.02,-0.74,0.67
100267099,-0.02,-0.02,-0.74,0.67
100270778,-0.02,-0.02,-0.74,0.67
100273140,-0.02,-0.02,-0.74,0.67
100276226,-0.02,-0.02,-0.74,0.67
100279116,-0.02,-0.02,-0.74,0.67
100282826,-0.02,-0.02,-0.74,0.67
100285114,-0.02,-0.02,-0.74,0.67
100288110,-0.02,-0.02,-0.74,0.67
100291190,-0.02,-0.02,-0.74,0.67
100294101,-0.02,-0.02,-0.74,0.67
100297790,-0.02,-0.02,-0.74,0.67
100300102,-0.02,-0.02,-0.74,0.67
100303452,-0.02,-0.02,-0.74,0.67
100306102,-0.02,-0.02,-0.74,0.67
100309075,-0.02,-0.02,-0.74,0.67
100312080,-0.02,-0.02,-0.74,0.67
100316162,-0.02,-0.02,-0.74,0.67
100318120,-0.02,-0.02,-0.74,0.67
100321082,-0.02,-0.02,-0.74,0.67
100324140,-0.02,-0.02,-0.74,0.67
100327853,-0.02,-0.02,-0.74,0.67
100330100,-0.02,-0.02,-0.74,0.67
100333085,-0.02,-0.02,-0.74,0.67
100336153,-0.02,-0.02,-0.74,0.67
100339813,-0.02,-0.02,-0.74,0.67
100342146,-0.02,-0.02,-0.74,0.67
100345128,-0.02,-0.02,-0.74,0.67
100348221,-0.02,-0.02,-0.74,0.67
100351255,-0.02,-0.02,-0.74,0.67
100354088,-0.02,-0.02,-0.74,0.67
100357756,-0.02,-0.02,-0.74,0.67
100360097,-0.02,-0.02,-0.74,0.67
100363172,-0.02,-0.02,-0.74,0.67
100366089,-0.02,-0.02,-0.74,0.67
100369762,-0.02,-0.02,-0.74,0.67
100372115,-0.02,-0.02,-0.74,0.67
100375114,-0.02,-0.02,-0.74,0.67
100378139,-0.02,-0.02,-0.74,0.67
100381104,-0.02,-0.02,-0.74,0.67
100384754,-0.02,-0.02,-0.74,0.67
100387097,-0.02,-0.02,-0.74,0.67
100390105,-0.02,-0.02,-0.74,0.67
100393081,-0.02,-0.02,-0.74,0.67
100396140,-0.02,-0.02,-0.74,0.67
100399791,-0.02,-0.02,-0.74,0.67
100402245,-0.02,-0.02,-0.74,0.67
100405136,-0.02,-0.02,-0.74,0.67
100408190,-0.02,-0.02,-0.74,0.67
100411096,-0.02,-0.02,-0.74,0.67
100414081,-0.02,-0.02,-0.74,0.67
100417750,-0.02,-0.02,-0.74,0.67
100420114,-0.02,-0.02,-0.74,0.67
100423357,-0.02,-0.02,-0.74,0.67
100426252,-0.02,-0.02,-0.74,0.67
100429102,-0.02,-0.02,-0.74,0.67
100432761,-0.02,-0.02,-0.74,0.67
100435560,-0.02,-0.02,-0.74,0.67
100438087,-0.02,-0.02,-0.74,0.67
100441084,-0.02,-0.02,-0.74,0.67
100444108,-0.02,-0.02,-0.74,0.67
100447789,-0.02,-0.02,-0.74,0.67
100450112,-0.02,-0.02,-0.74,0.67
100453089,-0.02,-0.02,-0.74,0.67
100456144,-0.02,-0.02,-0.74,0.67
100459872,-0.02,-0.02,-0.74,0.67
100462645,-0.02,-0.02,-0.74,0.67
100465141,-0.02,-0.02,-0.74,0.67
100468116,-0.02,-0.02,-0.74,0.67
100471081,-0.02,-0.02,-0.74,0.67
100474089,-0.02,-0.02,-0.74,0.67
100478586,-0.02,-0.02,-0.74,0.67
100480768,-0.02,-0.02,-0.74,0.67
100483093,-0.02,-0.02,-0.74,0.67
100486107,-0.02,-0.02,-0.74,0.67
100489090,-0.02,-0.02,-0.74,0.67
100492098,-0.02,-0.02,-0.74,0.67
100495112,-0.02,-0.02,-0.74,0.67
100498091,-0.02,-0.02,-0.74,0.67
100501194,-0.02,-0.02,-0.74,0.67
100504082,-0.03,-0.02,-0.74,0.67
100507833,-0.03,-0.02,-0.74,0.67
100510204,-0.03,-0.02,-0.74,0.67
100513142,-0.03,-0.02,-0.74,0.67
100516137,-0.03,-0.02,-0.74,0.67
100519114,-0.03,-0.02,-0.74,0.67
100522793,-0.03,-0.02,-0.74,0.67
100525117,-0.03,-0.02,-0.74,0.67
100528172,-0.03,-0.02,-0.74,0.67
100531115,-0.03,-0.02,-0.74,0.67
100534103,-0.03,-0.02,-0.74,0.67
100537784,-0.03,-0.02,-0.74,0.67
100540640,-0.03,-0.02,-0.74,0.67
100543089,-0.03,-0.02,-0.74,0.67
100546098,-0.03,-0.02,-0.74,0.67
100549093,-0.03,-0.02,-0.74,0.67
100552895,-0.03,-0.02,-0.74,0.67
100555099,-0.03,-0.02,-0.74,0.67
100558129,-0.03,-0.02,-0.74,0.67
100561165,-0.03,-0.02,-0.74,0.67
100564097,-0.03,-0.03,-0.74,0.67
100567776,-0.03,-0.03,-0.74,0.67
100570105,-0.03,-0.03,-0.74,0.67
100573090,-0.03,-0.03,-0.74,0.67
100576233,-0.03,-0.03,-0.74,0.67
100579789,-0.03,-0.03,-0.74,0.67
100582625,-0.03,-0.03,-0.74,0.67
100585110,-0.03,-0.03,-0.74,0.67
100588118,-0.03,-0.03,-0.74,0.67
100591105,-0.03,-0.03,-0.74,0.67
100594773,-0.03,-0.03,-0.74,0.67
100597110,-0.02,-0.03,-0.74,0.67
100600123,-0.02,-0.03,-0.74,0.67
100603118,-0.02,-0.03,-0.74,0.67
100606121,-0.02,-0.03,-0.74,0.67
100609082,-0.02,-0.03,-0.74,0.68
100612744,-0.02,-0.03,-0.74,0.68
100615091,-0.02,-0.03,-0.74,0.68
100618370,-0.02,-0.03,-0.74,0.68
100621079,-0.02,-0.03,-0.74,0.68
100624097,-0.02,-0.03,-0.74,0.68
100627848,-0.02,-0.03,-0.74,0.68
100630311,-0.02,-0.03,-0.74,0.68
100633287,-0.02,-0.03,-0.74,0.68
100636123,-0.02,-0.03,-0.74,0.68
100639110,-0.02,-0.03,-0.74,0.68
100642805,-0.02,-0.03,-0.73,0.68
100645406,-0.02,-0.03,-0.73,0.68
100648114,-0.02,-0.03,-0.73,0.68
100651215,-0.02,-0.03,-0.73,0.68
100654828,-0.02,-0.03,-0.73,0.68
100657102,-0.02,-0.03,-0.73,0.68
100660342,-0.02,-0.03,-0.73,0.68
100663075,-0.02,-0.03,-0.73,0.68
100666117,-0.02,-0.03,-0.73,0.68
100669187,-0.02,-0.03,-0.73,0.68
100672095,-0.02,-0.03,-0.73,0.68
100675241,-0.02,-0.03,-0.73,0.68
100678763,-0.02,-0.03,-0.73,0.68
100681781,-0.02,-0.03,-0.73,0.68
100684089,-0.02,-0.03,-0.73,0.68
100687096,-0.02,-0.03,-0.73,0.68
100690232,-0.02,-0.03,-0.73,0.68
100693090,-0.02,-0.03,-0.73,0.68
100696138,-0.02,-0.03,-0.73,0.68
100699132,-0.02,-0.03,-0.73,0.68
100703551,-0.02,-0.03,-0.73,0.68
100705914,-0.02,-0.03,-0.73,0.68
100708118,-0.02,-0.03,-0.73,0.68
100711081,-0.02,-0.03,-0.73,0.68
100714091,-0.02,-0.03,-0.73,0.68
100717220,-0.02,-0.03,-0.73,0.68
100720326,-0.02,-0.03,-0.73,0.68
100723181,-0.02,-0.03,-0.73,0.68
100726210,-0.02,-0.03,-0.73,0.68
100729107,-0.02,-0.03,-0.73,0.68
100732757,-0.02,-0.03,-0.73,0.68
100735237,-0.02,-0.03,-0.73,0.68
100738083,-0.02,-0.03,-0.73,0.68
100741080,-0.02,-0.03,-0.73,0.68
100744763,-0.02,-0.03,-0.73,0.68
100747110,-0.02,-0.03,-0.73,0.68
100750184,-0.02,-0.03,-0.73,0.68
100753097,-0.02,-0.03,-0.73,0.68
100756153,-0.02,-0.03,-0.73,0.68
100759787,-0.02,-0.03,-0.73,0.68
100762160,-0.02,-0.03,-0.73,0.68
100765441,-0.02,-0.03,-0.73,0.68
100768169,-0.02,-0.03,-0.73,0.68
100771086,-0.02,-0.03,-0.73,0.68
100774111,-0.02,-0.03,-0.73,0.68
100777207,-0.02,-0.03,-0.73,0.68
100780221,-0.02,-0.03,-0.73,0.68
100783080,-0.02,-0.03,-0.73,0.68
100786100,-0.02,-0.03,-0.73,0.69
100789096,-0.02,-0.03,-0.73,0.69
100792103,-0.02,-0.03,-0.73,0.69
100795818,-0.02,-0.03,-0.73,0.69
100799432,-0.02,-0.03,-0.73,0.69
100801189,-0.02,-0.03,-0.73,0.69
100804109,-0.02,-0.03,-0.73,0.69
100807098,-0.02,-0.03,-0.73,0.69
100810137,-0.02,-0.03,-0.73,0.69
100813096,-0.02,-0.03,-0.73,0.69
100816148,-0.02,-0.03,-0.73,0.69
100819877,-0.02,-0.03,-0.73,0.69
100822776,-0.03,-0.03,-0.73,0.69
100825224,-0.03,-0.03,-0.72,0.69
100828118,-0.03,-0.03,-0.72,0.69
100831106,-0.03,-0.03,-0.72,0.69
100834781,-0.03,-0.03,-0.72,0.69
100837156,-0.03,-0.03,-0.72,0.69
100840168,-0.03,-0.03,-0.72,0.69
100843108,-0.03,-0.03,-0.72,0.69
100846106,-0.03,-0.03,-0.72,0.69
100849104,-0.03,-0.03,-0.72,0.69
100852907,-0.03,-0.03,-0.72,0.69
100855104,-0.03,-0.03,-0.72,0.69
100858088,-0.03,-0.03,-0.72,0.69
100861765,-0.03,-0.03,-0.72,0.69
100864096,-0.03,-0.03,-0.72,0.69
100867113,-0.03,-0.03,-0.72,0.69
100870348,-0.03,-0.03,-0.72,0.69
100873081,-0.03,-0.03,-0.72,0.69
100876270,-0.03,-0.03,-0.72,0.69
100879868,-0.03,-0.03,-0.72,0.69
100882144,-0.03,-0.03,-0.72,0.69
100885114,-0.03,-0.03,-0.72,0.69
100888112,-0.03,-0.03,-0.72,0.69
100891077,-0.03,-0.03,-0.72,0.69
100894104,-0.03,-0.03,-0.72,0.69
100897774,-0.03,-0.03,-0.72,0.69
100900099,-0.03,-0.03,-0.72,0.69
100903085,-0.03,-0.03,-0.72,0.69
100907002,-0.03,-0.03,-0.72,0.69
100909089,-0.03,-0.03,-0.72,0.69
100912754,-0.03,-0.03,-0.72,0.69
100915084,-0.03,-0.03,-0.72,0.69
100918077,-0.03,-0.03,-0.72,0.69
100921080,-0.03,-0.03,-0.72,0.69
100924779,-0.03,-0.03,-0.72,0.69
100927200,-0.03,-0.03,-0.72,0.69
100930075,-0.03,-0.03,-0.72,0.69
100933121,-0.03,-0.03,-0.72,0.69
100936210,-0.03,-0.03,-0.72,0.69
100939839,-0.03,-0.03,-0.72,0.69
100942116,-0.03,-0.03,-0.72,0.69
100945136,-0.03,-0.03,-0.72,0.69
100948122,-0.03,-0.03,-0.72,0.69
100951882,-0.03,-0.03,-0.72,0.69
100954093,-0.03,-0.03,-0.72,0.69
100957121,-0.03,-0.03,-0.72,0.69
100960096,-0.03,-0.03,-0.72,0.69
100963078,-0.03,-0.03,-0.72,0.69
100966772,-0.03,-0.03,-0.72,0.69
100969083,-0.03,-0.03,-0.72,0.69
100972739,-0.03,-0.03,-0.72,0.69
100975084,-0.03,-0.03,-0.72,0.69
100978092,-0.03,-0.03,-0.72,0.7
100981755,-0.03,-0.03,-0.72,0.7
100984152,-0.03,-0.03,-0.72,0.7
100987221,-0.03,-0.03,-0.72,0.7
100990085,-0.03,-0.03,-0.72,0.7
100993076,-0.03,-0.03,-0.72,0.7
100996136,-0.03,-0.03,-0.72,0.7
100999812,-0.03,-0.03,-0.72,0.7
101002245,-0.03,-0.03,-0.72,0.7
101005113,-0.03,-0.03,-0.72,0.7
101008077,-0.03,-0.03,-0.72,0.7
101011083,-0.03,-0.03,-0.72,0.7
101014755,-0.03,-0.03,-0.72,0.7
101017688,-0.03,-0.03,-0.72,0.7
101020090,-0.03,-0.03,-0.72,0.7
101023077,-0.03,-0.03,-0.72,0.7
101026203,-0.03,-0.03,-0.72,0.7
101029107,-0.03,-0.03,-0.72,0.7
101032113,-0.03,-0.03,-0.72,0.7
101035205,-0.03,-0.03,-0.72,0.7
101038122,-0.03,-0.03,-0.71,0.7
101041810,-0.03,-0.03,-0.71,0.7
101044137,-0.03,-0.03,-0.71,0.7
101047100,-0.03,-0.03,-0.71,0.7
101050076,-0.03,-0.03,-0.71,0.7
101053096,-0.03,-0.03,-0.71,0.7
101056132,-0.03,-0.03,-0.71,0.7
101059795,-0.03,-0.03,-0.71,0.7
101062125,-0.03,-0.02,-0.71,0.7
101065121,-0.03,-0.02,-0.71,0.7
101068083,-0.03,-0.02,-0.71,0.7
101071085,-0.03,-0.02,-0.71,0.7
101074759,-0.03,-0.02,-0.71,0.7
101077182,-0.03,-0.02,-0.71,0.7
101080104,-0.03,-0.02,-0.71,0.7
101083087,-0.03,-0.02,-0.71,0.7
101086770,-0.03,-0.02,-0.71,0.7
101089098,-0.03,-0.02,-0.71,0.7
101092114,-0.03,-0.02,-0.71,0.7
101095208,-0.03,-0.02,-0.71,0.7
101098081,-0.03,-0.02,-0.71,0.7
101101204,-0.03,-0.02,-0.71,0.7
101104749,-0.03,-0.02,-0.71,0.7
101107087,-0.03,-0.02,-0.71,0.7
101110117,-0.03,-0.02,-0.71,0.7
101113084,-0.04,-0.02,-0.71,0.7
101116131,-0.04,-0.02,-0.71,0.7
101119804,-0.04,-0.02,-0.71,0.7
101122127,-0.04,-0.02,-0.71,0.7
101125126,-0.04,-0.02,-0.71,0.7
101129448,-0.04,-0.02,-0.71,0.7
101131082,-0.04,-0.02,-0.71,0.7
101134104,-0.04,-0.02,-0.71,0.7
101137470,-0.04,-0.02,-0.71,0.7
101140082,-0.04,-0.02,-0.71,0.7
101143143,-0.04,-0.02,-0.71,0.7
101146910,-0.04,-0.02,-0.71,0.7
101149108,-0.04,-0.02,-0.71,0.7
101152352,-0.04,-0.02,-0.71,0.7
101155084,-0.04,-0.02,-0.71,0.7
101158088,-0.04,-0.02,-0.71,0.7
101161082,-0.04,-0.02,-0.72,0.7
101165380,-0.04,-0.02,-0.72,0.7
101167084,-0.04,-0.02,-0.72,0.7
101170078,-0.04,-0.02,-0.72,0.7
101173094,-0.04,-0.02,-0.72,0.7
101176228,-0.04,-0.02,-0.72,0.7
101179573,-0.04,-0.02,-0.72,0.7
101182273,-0.04,-0.02,-0.72,0.7
101185142,-0.04,-0.02,-0.72,0.7
101188116,-0.04,-0.02,-0.72,0.7
101191091,-0.04,-0.02,-0.72,0.7
101194776,-0.04,-0.02,-0.72,0.69
101197705,-0.04,-0.02,-0.72,0.69
101200114,-0.04,-0.02,-0.72,0.69
101203167,-0.04,-0.01,-0.72,0.69
101206852,-0.04,-0.01,-0.72,0.69
101209101,-0.04,-0.01,-0.72,0.69
101212374,-0.04,-0.01,-0.72,0.69
101215082,-0.04,-0.01,-0.72,0.69
101218766,-0.04,-0.01,-0.72,0.69
101221102,-0.04,-0.01,-0.72,0.69
101224095,-0.04,-0.01,-0.72,0.69
101227262,-0.04,-0.01,-0.72,0.69
101230147,-0.04,-0.01,-0.72,0.69
101233078,-0.04,-0.01,-0.72,0.69
101236155,-0.04,-0.01,-0.72,0.69
101239789,-0.04,-0.01,-0.72,0.69
101242560,-0.04,-0.01,-0.73,0.69
101245195,-0.04,-0.01,-0.73,0.69
101248136,-0.04,-0.01,-0.73,0.69
101251214,-0.04,-0.01,-0.73,0.69
101254788,-0.04,-0.01,-0.73,0.69
101257370,-0.05,-0.01,-0.73,0.68
101260103,-0.05,-0.01,-0.73,0.68
101263076,-0.05,-0.01,-0.73,0.68
101266826,-0.05,-0.01,-0.73,0.68
101269099,-0.05,-0.01,-0.73,0.68
101272204,-0.05,-0.01,-0.73,0.68
101275080,-0.05,-0.01,-0.73,0.68
101278105,-0.05,-0.01,-0.73,0.68
101281101,-0.05,-0.01,-0.73,0.68
101285408,-0.05,-0.01,-0.73,0.68
101287228,-0.05,-0.01,-0.73,0.68
101290094,-0.05,-0.01,-0.73,0.68
101293089,-0.05,-0.01,-0.73,0.68
101296831,-0.05,-0.01,-0.73,0.68
101299121,-0.05,-0.01,-0.74,0.68
101302428,-0.05,-0.01,-0.74,0.68
101305137,-0.05,-0.01,-0.74,0.68
101308091,-0.05,-0.01,-0.74,0.67
101311776,-0.05,-0.01,-0.74,0.67
101314190,-0.05,-0.01,-0.74,0.67
101317370,-0.05,-0.01,-0.74,0.67
101320077,-0.05,-0.01,-0.74,0.67
101323755,-0.05,-0.01,-0.74,0.67
101326197,-0.05,-0.01,-0.74,0.67
101329144,-0.05,-0.01,-0.74,0.67
101332146,-0.05,-0.01,-0.74,0.67
101335081,-0.05,-0.01,-0.74,0.67
101338077,-0.05,-0.01,-0.74,0.67
101341768,-0.05,-0.01,-0.74,0.67
101344099,-0.05,-0.01,-0.74,0.67
101347164,-0.05,-0.01,-0.74,0.67
101350077,-0.05,-0.01,-0.74,0.67
101353098,-0.05,-0.01,-0.74,0.67
101356819,-0.05,-0.01,-0.74,0.67
101359128,-0.05,-0.01,-0.74,0.67
101362480,-0.05,-0.01,-0.74,0.67
101365133,-0.05,-0.01,-0.74,0.67
101368102,-0.05,-0.01,-0.74,0.67
101371215,-0.05,-0.01,-0.74,0.67
101374761,-0.05,-0.01,-0.74,0.67
101377204,-0.05,-0.01,-0.74,0.67
101380087,-0.05,-0.01,-0.74,0.67
101383098,-0.05,-0.01,-0.74,0.67
101386086,-0.05,-0.01,-0.75,0.66
101389759,-0.05,-0.01,-0.75,0.66
101392081,-0.05,-0.01,-0.75,0.66
101395085,-0.05,-0.01,-0.75,0.66
101398100,-0.05,-0.01,-0.75,0.66
101401191,-0.05,-0.01,-0.75,0.66
101405307,-0.05,-0.01,-0.75,0.66
101407733,-0.05,-0.01,-0.75,0.66
101410753,-0.05,-0.01,-0.75,0.66
101413078,-0.05,-0.01,-0.75,0.66
101416154,-0.05,-0.01,-0.75,0.66
101419117,-0.05,-0.01,-0.75,0.66
101422262,-0.05,-0.01,-0.75,0.66
101425166,-0.05,-0.01,-0.75,0.66
101428114,-0.05,-0.01,-0.75,0.66
101431104,-0.05,-0.01,-0.75,0.66
101434120,-0.05,-0.01,-0.75,0.66
101437171,-0.05,-0.01,-0.75,0.66
101440087,-0.05,-0.01,-0.75,0.66
101443742,-0.05,-0.01,-0.75,0.66
101446119,-0.05,-0.01,-0.75,0.66
101449254,-0.05,-0.01,-0.75,0.66
101452230,-0.05,-0.01,-0.75,0.66
101455086,-0.05,-0.01,-0.75,0.66
101458746,-0.05,-0.01,-0.75,0.66
101461096,-0.05,-0.01,-0.75,0.66
101464849,-0.05,-0.01,-0.75,0.66
101467085,-0.05,-0.01,-0.75,0.66
101470169,-0.05,-0.01,-0.75,0.66
101473150,-0.05,-0.01,-0.75,0.66
101476970,-0.05,-0.01,-0.75,0.66
101479146,-0.05,-0.01,-0.75,0.66
101482115,-0.05,-0.01,-0.75,0.66
101485151,-0.05,-0.01,-0.75,0.66
101488083,-0.05,-0.01,-0.75,0.66
101491738,-0.05,-0.01,-0.75,0.66
101494608,-0.05,-0.01,-0.75,0.66
101497077,-0.05,-0.01,-0.75,0.66
101500092,-0.05,-0.01,-0.75,0.66
101503758,-0.05,-0.01,-0.75,0.66
101506113,-0.05,-0.01,-0.75,0.66
101509122,-0.05,-0.01,-0.75,0.66
101512088,-0.05,-0.01,-0.75,0.66
101515081,-0.05,-0.01,-0.75,0.66
101518106,-0.05,-0.01,-0.75,0.66
101521767,-0.05,-0.01,-0.75,0.67
101524110,-0.05,-0.01,-0.74,0.67
101527171,-0.05,-0.01,-0.74,0.67
101530104,-0.05,-0.01,-0.74,0.67
101533089,-0.05,-0.01,-0.74,0.67
101537481,-0.05,-0.01,-0.74,0.67
101539169,-0.05,-0.01,-0.74,0.67
101542201,-0.05,-0.01,-0.74,0.67
101545135,-0.05,-0.01,-0.74,0.67
101548133,-0.05,-0.01,-0.74,0.67
101551233,-0.05,-0.01,-0.74,0.67
101554846,-0.05,-0.01,-0.74,0.67
101557092,-0.05,-0.01,-0.74,0.67
101560087,-0.05,-0.01,-0.74,0.67
101563089,-0.05,-0.01,-0.74,0.67
101566755,-0.05,-0.01,-0.74,0.67
101569152,-0.05,-0.01,-0.74,0.67
101572091,-0.05,-0.01,-0.74,0.67
101575087,-0.05,-0.01,-0.74,0.67
101578760,-0.05,-0.01,-0.74,0.67
101581122,-0.05,-0.01,-0.74,0.67
101584135,-0.05,-0.01,-0.74,0.67
101587085,-0.05,-0.01,-0.74,0.67
101590078,-0.05,-0.01,-0.74,0.67
101593088,-0.05,-0.01,-0.74,0.67
101596836,-0.05,-0.01,-0.74,0.67
101599227,-0.05,-0.01,-0.74,0.67
101602261,-0.05,-0.01,-0.74,0.67
101605136,-0.05,-0.01,-0.74,0.67
101608811,-0.05,-0.01,-0.75,0.67
101611095,-0.05,-0.01,-0.75,0.66
101614491,-0.05,-0.01,-0.75,0.66
101617084,-0.05,-0.01,-0.75,0.66
101620086,-0.05,-0.01,-0.75,0.66
101623749,-0.05,-0.01,-0.75,0.66
101626179,-0.05,-0.01,-0.75,0.66
101629103,-0.05,-0.01,-0.75,0.66
101632084,-0.05,-0.01,-0.75,0.66
101635112,-0.05,-0.01,-0.75,0.66
101638092,-0.05,-0.01,-0.75,0.66
101642407,-0.05,-0.01,-0.75,0.66
101644101,-0.05,-0.01,-0.75,0.66
101647092,-0.05,-0.01,-0.75,0.66
101650126,-0.05,-0.01,-0.75,0.66
101653822,-0.05,-0.01,-0.75,0.66
101656229,-0.05,-0.01,-0.75,0.66
101659188,-0.05,-0.01,-0.75,0.66
101662136,-0.05,-0.01,-0.75,0.66
101665186,-0.05,-0.01,-0.75,0.66
101668127,-0.05,-0.01,-0.75,0.66
101671109,-0.05,-0.01,-0.75,0.66
101675496,-0.05,-0.01,-0.75,0.66
101677206,-0.05,-0.01,-0.75,0.66
101680093,-0.05,-0.01,-0.75,0.66
101684468,-0.05,-0.01,-0.75,0.66
101686115,-0.05,-0.01,-0.75,0.66
101689102,-0.05,-0.01,-0.75,0.66
101692082,-0.05,-0.01,-0.75,0.66
101695791,-0.05,-0.01,-0.75,0.66
101698099,-0.05,-0.01,-0.75,0.66
101701202,-0.05,-0.01,-0.75,0.66
101704632,-0.05,-0.01,-0.75,0.66
101707193,-0.05,-0.01,-0.75,0.66
101710102,-0.05,-0.01,-0.75,0.65
101713108,-0.05,-0.01,-0.75,0.65
101716748,-0.05,-0.01,-0.75,0.65
101719572,-0.05,-0.01,-0.75,0.65
101722116,-0.04,-0.01,-0.76,0.65
101725126,-0.04,-0.01,-0.76,0.65
101728157,-0.04,-0.01,-0.76,0.65
101731784,-0.04,-0.01,-0.76,0.65
101734270,-0.04,-0.01,-0.76,0.65
101737086,-0.04,-0.01,-0.76,0.65
101740087,-0.04,-0.01,-0.76,0.65
101743795,-0.04,-0.01,-0.76,0.65
101746114,-0.04,-0.01,-0.76,0.65
101749260,-0.04,-0.01,-0.76,0.65
101752234,-0.04,-0.01,-0.76,0.65
101755109,-0.04,-0.01,-0.76,0.65
101758147,-0.04,-0.01,-0.76,0.65
101761767,-0.04,-0.01,-0.76,0.65
101764231,-0.04,-0.01,-0.76,0.65
101767193,-0.04,-0.01,-0.76,0.65
101770084,-0.04,-0.01,-0.76,0.65
101773108,-0.04,-0.01,-0.76,0.65
101776850,-0.04,-0.01,-0.76,0.65
101779244,-0.04,-0.01,-0.76,0.65
101782120,-0.04,-0.01,-0.76,0.65
101785133,-0.04,-0.01,-0.76,0.65
101788836,-0.04,-0.01,-0.76,0.65
101791100,-0.04,-0.01,-0.76,0.65
101794267,-0.04,-0.01,-0.76,0.65
101797182,-0.04,-0.01,-0.76,0.65
101800095,-0.04,-0.01,-0.76,0.65
101803792,-0.04,-0.01,-0.76,0.65
101806110,-0.04,-0.01,-0.76,0.65
101809185,-0.04,-0.02,-0.76,0.65
101812177,-0.04,-0.02,-0.76,0.65
101815093,-0.04,-0.02,-0.76,0.65
101818765,-0.04,-0.02,-0.76,0.65
101821107,-0.04,-0.02,-0.76,0.65
101824229,-0.04,-0.02,-0.76,0.65
101827179,-0.04,-0.02,-0.76,0.65
101830082,-0.04,-0.02,-0.76,0.65
101833767,-0.04,-0.02,-0.76,0.65
101836109,-0.04,-0.02,-0.76,0.65
101839250,-0.04,-0.02,-0.76,0.65
101842115,-0.04,-0.02,-0.76,0.65
101845120,-0.04,-0.02,-0.76,0.65
101848122,-0.04,-0.02,-0.76,0.65
101851895,-0.04,-0.02,-0.76,0.65
101854505,-0.04,-0.02,-0.76,0.65
101857086,-0.04,-0.02,-0.75,0.65
101860151,-0.04,-0.02,-0.75,0.65
101863106,-0.04,-0.02,-0.75,0.65
101866775,-0.04,-0.02,-0.75,0.66
101869161,-0.04,-0.02,-0.75,0.66
101872101,-0.04,-0.02,-0.75,0.66
101875195,-0.04,-0.02,-0.75,0.66
101878751,-0.04,-0.02,-0.75,0.66
101881087,-0.04,-0.02,-0.75,0.66
101884141,-0.04,-0.02,-0.75,0.66
101887086,-0.04,-0.02,-0.75,0.66
101890077,-0.04,-0.02,-0.75,0.66
101893763,-0.04,-0.02,-0.75,0.66
101896099,-0.04,-0.02,-0.75,0.66
101899253,-0.03,-0.02,-0.75,0.66
101902222,-0.03,-0.02,-0.75,0.66
101905118,-0.03,-0.02,-0.75,0.66
101908130,-0.03,-0.02,-0.75,0.66
101911757,-0.03,-0.02,-0.75,0.66
101914126,-0.03,-0.02,-0.75,0.66
101917095,-0.03,-0.02,-0.75,0.66
101920086,-0.03,-0.02,-0.75,0.66
101923755,-0.03,-0.02,-0.75,0.66
101926323,-0.03,-0.02,-0.75,0.66
101929117,-0.03,-0.02,-0.75,0.66
101932073,-0.03,-0.02,-0.75,0.66
101935081,-0.03,-0.02,-0.75,0.66
101938092,-0.03,-0.02,-0.75,0.67
101941743,-0.03,-0.02,-0.75,0.67
101944494,-0.03,-0.02,-0.74,0.67
101947101,-0.03,-0.03,-0.74,0.67
101950117,-0.03,-0.03,-0.74,0.67
101953124,-0.03,-0.03,-0.74,0.67
101956100,-0.03,-0.03,-0.74,0.67
101959190,-0.03,-0.03,-0.74,0.67
101962165,-0.03,-0.03,-0.74,0.67
101965147,-0.03,-0.03,-0.74,0.67
101968133,-0.03,-0.03,-0.74,0.67
101971091,-0.03,-0.03,-0.74,0.67
101974115,-0.03,-0.03,-0.74,0.67
101978620,-0.03,-0.03,-0.74,0.67
101980788,-0.03,-0.03,-0.74,0.67
101983082,-0.03,-0.03,-0.74,0.67
101986107,-0.03,-0.03,-0.74,0.67
101989080,-0.03,-0.03,-0.74,0.67
101992077,-0.03,-0.03,-0.74,0.67
101995084,-0.03,-0.03,-0.74,0.67
101998781,-0.03,-0.03,-0.74,0.67
102001230,-0.03,-0.03,-0.74,0.67
102004077,-0.03,-0.03,-0.74,0.67
102007095,-0.03,-0.03,-0.74,0.67
102010078,-0.03,-0.03,-0.74,0.67
102013749,-0.03,-0.03,-0.74,0.67
102016113,-0.03,-0.03,-0.74,0.67
102019126,-0.03,-0.03,-0.74,0.67
102022124,-0.03,-0.03,-0.74,0.67
102026164,-0.03,-0.03,-0.74,0.67
102028211,-0.03,-0.03,-0.74,0.67
102031185,-0.03,-0.03,-0.74,0.67
102034367,-0.03,-0.03,-0.74,0.67
102037087,-0.03,-0.03,-0.74,0.67
102040096,-0.03,-0.03,-0.74,0.67
102043755,-0.03,-0.03,-0.74,0.67
102046135,-0.03,-0.03,-0.74,0.67
102049075,-0.03,-0.03,-0.74,0.67
102052196,-0.03,-0.03,-0.74,0.67
102055746,-0.03,-0.03,-0.74,0.67
102058099,-0.03,-0.03,-0.74,0.67
102061150,-0.03,-0.03,-0.74,0.67
102064408,-0.02,-0.03,-0.74,0.67
102067078,-0.02,-0.03,-0.74,0.67
102070081,-0.02,-0.03,-0.74,0.67
102073787,-0.02,-0.03,-0.74,0.67
102076204,-0.02,-0.03,-0.74,0.67
102079126,-0.02,-0.03,-0.74,0.67
102082267,-0.02,-0.03,-0.74,0.67
102085306,-0.02,-0.03,-0.74,0.67
102088195,-0.02,-0.03,-0.74,0.67
102091137,-0.02,-0.03,-0.74,0.67
102094086,-0.02,-0.03,-0.74,0.67
102097081,-0.02,-0.03,-0.74,0.67
102100768,-0.02,-0.03,-0.74,0.67
102103115,-0.02,-0.03,-0.74,0.67
102106110,-0.02,-0.03,-0.74,0.67
102109078,-0.02,-0.03,-0.74,0.67
102112106,-0.02,-0.03,-0.74,0.67
102115076,-0.02,-0.03,-0.74,0.67
102118756,-0.02,-0.03,-0.74,0.67
102121101,-0.02,-0.03,-0.74,0.67
102124077,-0.02,-0.03,-0.74,0.67
102127156,-0.02,-0.03,-0.74,0.67
102130088,-0.02,-0.03,-0.74,0.67
102133777,-0.02,-0.03,-0.74,0.67
102136189,-0.02,-0.03,-0.74,0.67
102139152,-0.02,-0.03,-0.74,0.67
102142115,-0.02,-0.03,-0.74,0.67
102145937,-0.02,-0.03,-0.74,0.67
102148164,-0.02,-0.03,-0.74,0.67
102151759,-0.02,-0.03,-0.74,0.67
102154085,-0.02,-0.03,-0.74,0.68
102157081,-0.02,-0.03,-0.74,0.68
102160752,-0.02,-0.03,-0.74,0.68
102163101,-0.02,-0.03,-0.74,0.68
102166139,-0.02,-0.03,-0.74,0.68
102169112,-0.02,-0.03,-0.74,0.68
102172081,-0.02,-0.03,-0.74,0.68
102175093,-0.02,-0.03,-0.74,0.68
102178786,-0.02,-0.03,-0.74,0.68
102181117,-0.02,-0.03,-0.74,0.68
102184087,-0.02,-0.03,-0.74,0.68
102187078,-0.02,-0.03,-0.74,0.68
102190076,-0.02,-0.03,-0.74,0.68
102193781,-0.02,-0.03,-0.74,0.68
102196704,-0.02,-0.03,-0.73,0.68
102199156,-0.02,-0.03,-0.73,0.68
102202224,-0.02,-0.03,-0.73,0.68
102205903,-0.02,-0.03,-0.73,0.68
102208129,-0.02,-0.03,-0.73,0.68
102211477,-0.02,-0.03,-0.73,0.68
102214081,-0.02,-0.03,-0.73,0.68
102217077,-0.02,-0.03,-0.73,0.68
102220097,-0.02,-0.03,-0.73,0.68
102223107,-0.02,-0.03,-0.73,0.68
102226385,-0.02,-0.03,-0.73,0.68
102229088,-0.02,-0.03,-0.73,0.68
102232093,-0.02,-0.03,-0.73,0.68
102235758,-0.02,-0.03,-0.73,0.68
102238751,-0.02,-0.03,-0.73,0.68
102241089,-0.02,-0.03,-0.73,0.68
102244089,-0.02,-0.03,-0.73,0.68
102247081,-0.02,-0.03,-0.73,0.68
102250839,-0.02,-0.03,-0.73,0.68
102253134,-0.02,-0.03,-0.73,0.68
102256387,-0.02,-0.03,-0.73,0.68
102259149,-0.02,-0.03,-0.73,0.68
102262114,-0.02,-0.03,-0.73,0.68
102265836,-0.02,-0.03,-0.73,0.68
102268150,-0.02,-0.03,-0.73,0.68
102271588,-0.02,-0.03,-0.73,0.68
102274082,-0.02,-0.04,-0.73,0.68
102277181,-0.02,-0.04,-0.73,0.69
102280088,-0.02,-0.04,-0.73,0.69
102283761,-0.01,-0.04,-0.73,0.69
102286267,-0.01,-0.04,-0.73,0.69
102289103,-0.01,-0.04,-0.73,0.69
102292077,-0.01,-0.04,-0.72,0.69
102295088,-0.01,-0.04,-0.72,0.69
102299500,-0.01,-0.04,-0.72,0.69
102301367,-0.01,-0.04,-0.72,0.69
102304179,-0.01,-0.04,-0.72,0.69
102308471,-0.01,-0.04,-0.72,0.69
102310093,-0.01,-0.04,-0.72,0.69
102313104,-0.01,-0.04,-0.72,0.69
102316546,-0.01,-0.04,-0.72,0.69
102319132,-0.01,-0.04,-0.72,0.69
102322112,-0.01,-0.04,-0.72,0.69
102325139,-0.01,-0.04,-0.72,0.69
102328822,-0.01,-0.04,-0.72,0.69
102331231,-0.01,-0.04,-0.72,0.69
102334078,-0.01,-0.04,-0.72,0.7
102337101,-0.01,-0.04,-0.72,0.7
102340099,-0.01,-0.04,-0.72,0.7
102344399,-0.01,-0.04,-0.72,0.7
102346270,-0.01,-0.04,-0.72,0.7
102349081,-0.01,-0.04,-0.72,0.7
102352155,-0.01,-0.04,-0.71,0.7
102356387,-0.01,-0.04,-0.71,0.7
102358127,-0.01,-0.04,-0.71,0.7
102369135,-0.01,-0.04,-0.71,0.7
102370343,-0.01,-0.04,-0.71,0.7
102373347,-0.01,-0.04,-0.71,0.7
102383026,-0.01,-0.04,-0.71,0.7
102387302,-0.01,-0.04,-0.71,0.7
102389494,-0.01,-0.04,-0.71,0.7
102393140,-0.01,-0.04,-0.71,0.71
102397020,-0.01,-0.04,-0.71,0.71
102400694,-0.01,-0.04,-0.71,0.71
102404437,-0.01,-0.04,-0.71,0.71
102407483,-0.01,-0.04,-0.71,0.71
102412202,-0.01,-0.04,-0.71,0.71
102415796,-0.01,-0.04,-0.71,0.71
102418131,-0.01,-0.04,-0.7,0.71
102421239,-0.01,-0.04,-0.7,0.71
102424147,-0.01,-0.04,-0.7,0.71
102427186,-0.01,-0.04,-0.7,0.71
102430781,-0.01,-0.04,-0.7,0.71
102433100,-0.01,-0.04,-0.7,0.71
102436158,-0.01,-0.04,-0.7,0.71
102439082,-0.01,-0.04,-0.7,0.71
102442089,-0.01,-0.04,-0.7,0.71
102445763,-0.01,-0.04,-0.7,0.71
102448205,-0.01,-0.04,-0.7,0.71
102451199,-0.01,-0.04,-0.7,0.71
102454170,-0.01,-0.04,-0.7,0.71
102457107,-0.01,-0.04,-0.7,0.71
102460123,-0.01,-0.04,-0.7,0.71
102464531,-0.01,-0.04,-0.7,0.71
102466137,-0.01,-0.04,-0.7,0.71
102469114,-0.01,-0.04,-0.7,0.71
102472171,-0.01,-0.04,-0.7,0.71
102475195,-0.01,-0.04,-0.7,0.71
102478708,-0.01,-0.04,-0.7,0.71
102481116,-0.01,-0.04,-0.7,0.71
102484136,-0.01,-0.04,-0.7,0.71
102487092,-0.01,-0.04,-0.7,0.71
102490088,-0.01,-0.04,-0.7,0.71
102493108,-0.01,-0.04,-0.7,0.71
102496408,-0.01,-0.04,-0.7,0.71
102499087,-0.01,-0.04,-0.7,0.71
102502184,-0.01,-0.04,-0.7,0.71
102505775,-0.01,-0.04,-0.7,0.71
102508099,-0.01,-0.04,-0.7,0.72
102511098,-0.01,-0.04,-0.7,0.72
102514098,-0.01,-0.04,-0.7,0.72
102517774,-0.01,-0.04,-0.7,0.72
102520117,-0.01,-0.04,-0.7,0.72
102523269,-0.01,-0.04,-0.7,0.72
102526197,-0.01,-0.04,-0.7,0.72
102529078,-0.01,-0.04,-0.7,0.72
102472171,-0.01,-0.04,-0.7,0.71
102475195,-0.01,-0.04,-0.7,0.71
102478708,-0.01,-0.04,-0.7,0.71
102481116,-0.01,-0.04,-0.7,0.71
102484136,-0.01,-0.04,-0.7,0.71
102487092,-0.01,-0.04,-0.7,0.71
102490088,-0.01,-0.04,-0.7,0.71
102493108,-0.01,-0.04,-0.7,0.71
102496408,-0.01,-0.04,-0.7,0.71
102499087,-0.01,-0.04,-0.7,0.71
