timestamp,quatI,quatJ,quatK,quatReal
785749.745,-0.02,-0.03,1.0,0.07
785759.298,-0.02,-0.03,1.0,0.07
785760.496,-0.02,0.02,0.99,0.11
785761.682,-0.02,0.02,0.99,0.11
785763.098,-0.02,0.02,0.99,0.11
785765.975,-0.02,0.02,0.99,0.11
785768.476,-0.02,0.02,0.99,0.11
785770.517,-0.02,0.02,0.99,0.11
785773.487,-0.02,0.02,0.99,0.11
785776.732,-0.02,0.02,0.99,0.11
785779.479,-0.02,0.02,0.99,0.11
785782.479,-0.02,0.02,0.99,0.11
785785.483,-0.02,0.02,0.99,0.11
785788.942,-0.02,0.02,0.99,0.11
785791.546,-0.02,0.02,0.99,0.11
785794.482,-0.02,0.02,0.99,0.11
785797.492,-0.02,0.02,0.99,0.11
785800.503,-0.02,0.02,0.99,0.11
785804.646,-0.02,0.02,0.99,0.11
785807.15,-0.02,0.02,0.99,0.11
785809.507,-0.02,0.02,0.99,0.11
785812.489,-0.02,0.02,0.99,0.11
785815.603,-0.02,0.02,0.99,0.11
785819.09,-0.02,0.02,0.99,0.11
785821.644,-0.02,0.02,0.99,0.11
785866.639,-0.02,0.02,0.99,0.11
785876.372,-0.02,0.02,0.99,0.11
785877.563,-0.02,0.01,0.99,0.11
785878.924,-0.02,0.01,0.99,0.11
785880.94,-0.02,0.01,0.99,0.11
785882.97,-0.02,0.01,0.99,0.11
785885.96,-0.02,0.01,0.99,0.11
785888.529,-0.02,0.01,0.99,0.11
785890.669,-0.02,0.01,0.99,0.11
785893.612,-0.02,0.01,0.99,0.11
785896.515,-0.02,0.01,0.99,0.11
785899.514,-0.02,0.01,0.99,0.11
785902.5,-0.02,0.01,0.99,0.11
785905.509,-0.02,0.01,0.99,0.11
785908.92,-0.02,0.01,0.99,0.11
785911.486,-0.02,0.01,0.99,0.11
785914.59,-0.02,0.01,0.99,0.11
785917.496,-0.02,0.01,0.99,0.11
785921.284,-0.02,0.02,0.99,0.11
785923.518,-0.02,0.02,0.99,0.11
785926.525,-0.02,0.02,0.99,0.11
785929.529,-0.02,0.02,0.99,0.11
785932.515,-0.02,0.02,0.99,0.11
785935.507,-0.02,0.02,0.99,0.11
785938.525,-0.02,0.02,0.99,0.11
785941.718,-0.02,0.02,0.99,0.11
785944.486,-0.02,0.02,0.99,0.11
785947.477,-0.02,0.02,0.99,0.11
785951.196,-0.02,0.02,0.99,0.11
785953.517,-0.02,0.02,0.99,0.1
785956.496,-0.02,0.02,0.99,0.1
785959.479,-0.02,0.02,0.99,0.1
785963.153,-0.02,0.02,0.99,0.1
785965.584,-0.02,0.01,0.99,0.1
785968.67,-0.02,0.01,0.99,0.1
785971.567,-0.02,0.01,0.99,0.1
785974.475,-0.02,0.01,0.99,0.1
785977.644,-0.02,0.02,0.99,0.1
785981.195,-0.02,0.02,0.99,0.1
785983.514,-0.02,0.02,0.99,0.1
785986.527,-0.02,0.02,0.99,0.1
785989.659,-0.02,0.02,0.99,0.1
785992.532,-0.02,0.02,0.99,0.1
785996.244,-0.02,0.02,0.99,0.1
785998.506,-0.02,0.02,0.99,0.1
786001.478,-0.02,0.02,0.99,0.1
786004.487,-0.02,0.02,0.99,0.1
786008.16,-0.02,0.02,0.99,0.1
786010.512,-0.02,0.02,0.99,0.1
786014.104,-0.02,0.02,0.99,0.1
786016.487,-0.02,0.02,1.0,0.1
786019.486,-0.02,0.02,1.0,0.1
786022.617,-0.02,0.01,1.0,0.1
786026.189,-0.02,0.01,1.0,0.09
786029.156,-0.02,0.01,1.0,0.09
786031.487,-0.02,0.01,1.0,0.09
786034.518,-0.02,0.01,1.0,0.09
786037.499,-0.02,0.01,1.0,0.09
786040.639,-0.02,0.01,1.0,0.09
786044.157,-0.02,0.01,1.0,0.09
786046.555,-0.02,0.01,1.0,0.09
786049.544,-0.02,0.01,1.0,0.09
786052.516,-0.02,0.01,1.0,0.09
786055.545,-0.02,0.01,1.0,0.09
786058.501,-0.02,0.01,1.0,0.09
786061.517,-0.02,0.01,1.0,0.09
786064.578,-0.02,0.01,1.0,0.09
786068.156,-0.02,0.01,1.0,0.09
786070.545,-0.02,0.01,1.0,0.09
786073.49,-0.02,0.01,1.0,0.09
786076.498,-0.02,0.01,1.0,0.09
786079.58,-0.02,0.01,1.0,0.09
786083.221,-0.02,0.01,1.0,0.09
786085.506,-0.02,0.01,1.0,0.09
786089.259,-0.02,0.01,1.0,0.09
786091.493,-0.02,0.01,1.0,0.09
786094.5,-0.02,0.01,1.0,0.09
786097.55,-0.02,0.01,1.0,0.09
786101.177,-0.02,0.01,1.0,0.09
786103.478,-0.02,0.01,1.0,0.09
786106.535,-0.02,0.01,1.0,0.09
786109.553,-0.02,0.01,1.0,0.08
786112.526,-0.02,0.01,1.0,0.08
786117.013,-0.02,0.01,1.0,0.08
786118.505,-0.02,0.01,1.0,0.08
786121.487,-0.02,0.01,1.0,0.08
786125.192,-0.02,0.01,1.0,0.08
786127.489,-0.02,0.01,1.0,0.08
786130.508,-0.02,0.01,1.0,0.08
786133.481,-0.02,0.01,1.0,0.08
786136.557,-0.02,0.01,1.0,0.08
786139.673,-0.02,0.01,1.0,0.08
786143.229,-0.02,0.01,1.0,0.08
786145.497,-0.02,0.01,1.0,0.08
786148.501,-0.02,0.01,1.0,0.08
786151.48,-0.02,0.01,1.0,0.08
786154.495,-0.02,0.01,1.0,0.08
786157.506,-0.02,0.01,1.0,0.08
786161.772,-0.02,0.01,1.0,0.08
786163.663,-0.02,0.01,1.0,0.08
786166.54,-0.02,0.01,1.0,0.08
786169.525,-0.02,0.01,1.0,0.08
786172.538,-0.02,0.0,1.0,0.08
786175.522,-0.02,0.0,1.0,0.08
786179.319,-0.02,0.0,1.0,0.08
786181.492,-0.02,0.0,1.0,0.08
786184.482,-0.02,0.0,1.0,0.08
786187.494,-0.02,0.0,1.0,0.08
786191.247,-0.02,0.0,1.0,0.08
786193.734,-0.02,0.0,1.0,0.08
786196.572,-0.02,0.0,1.0,0.09
786199.537,-0.02,0.0,1.0,0.09
786203.139,-0.02,0.0,1.0,0.09
786205.513,-0.02,0.0,1.0,0.09
786208.675,-0.02,0.0,1.0,0.09
786211.484,-0.02,0.0,1.0,0.09
786214.589,-0.02,0.0,1.0,0.09
786217.49,-0.02,0.0,1.0,0.09
786221.803,-0.02,0.0,1.0,0.09
786223.62,-0.02,-0.0,1.0,0.09
786226.529,-0.02,-0.0,1.0,0.09
786230.204,-0.02,-0.0,1.0,0.09
786232.532,-0.02,-0.0,1.0,0.09
786235.584,-0.02,-0.0,1.0,0.09
786238.747,-0.02,-0.0,1.0,0.09
786241.491,-0.02,-0.0,1.0,0.09
786244.482,-0.02,-0.0,1.0,0.09
786248.297,-0.02,-0.0,1.0,0.09
786250.561,-0.02,-0.0,1.0,0.09
786253.571,-0.02,-0.0,1.0,0.09
786256.502,-0.02,-0.01,1.0,0.09
786259.493,-0.02,-0.01,1.0,0.09
786262.499,-0.02,-0.01,1.0,0.09
786266.773,-0.02,-0.01,1.0,0.09
786268.557,-0.02,-0.01,1.0,0.09
786271.481,-0.02,-0.01,1.0,0.09
786274.478,-0.02,-0.01,1.0,0.09
786277.488,-0.02,-0.01,1.0,0.09
786281.832,-0.02,-0.01,1.0,0.09
786284.199,-0.02,-0.01,1.0,0.09
786286.562,-0.02,-0.01,1.0,0.09
786289.648,-0.02,-0.01,1.0,0.09
786292.531,-0.02,-0.01,1.0,0.09
786295.523,-0.02,-0.01,1.0,0.09
786298.637,-0.02,-0.01,1.0,0.09
786301.547,-0.02,-0.01,1.0,0.09
786304.483,-0.02,-0.01,1.0,0.09
786308.905,-0.02,-0.01,1.0,0.09
786310.496,-0.02,-0.01,1.0,0.09
786313.685,-0.02,-0.01,1.0,0.09
786316.494,-0.02,-0.01,1.0,0.09
786320.158,-0.02,-0.01,1.0,0.09
786322.499,-0.02,-0.01,1.0,0.09
786325.496,-0.02,-0.01,1.0,0.09
786328.916,-0.02,-0.01,1.0,0.1
786331.482,-0.02,-0.01,1.0,0.1
786334.479,-0.02,-0.01,1.0,0.1
786337.479,-0.02,-0.01,1.0,0.1
786341.265,-0.02,-0.01,1.0,0.1
786343.776,-0.02,-0.01,0.99,0.1
786346.529,-0.02,-0.01,0.99,0.1
786349.523,-0.02,-0.01,0.99,0.1
786353.22,-0.02,-0.01,0.99,0.1
786355.556,-0.02,-0.01,0.99,0.1
786358.584,-0.02,-0.02,0.99,0.1
786361.508,-0.02,-0.02,0.99,0.1
786364.678,-0.02,-0.02,0.99,0.1
786368.192,-0.02,-0.02,0.99,0.1
786370.509,-0.02,-0.02,0.99,0.1
786373.487,-0.02,-0.02,0.99,0.1
786376.482,-0.02,-0.02,0.99,0.1
786379.49,-0.02,-0.02,0.99,0.1
786383.174,-0.02,-0.02,0.99,0.1
786386.156,-0.02,-0.02,0.99,0.11
786388.482,-0.02,-0.02,0.99,0.11
786391.488,-0.02,-0.02,0.99,0.11
786394.484,-0.02,-0.02,0.99,0.11
786397.51,-0.02,-0.02,0.99,0.11
786401.18,-0.02,-0.02,0.99,0.11
786403.535,-0.02,-0.02,0.99,0.11
786406.553,-0.02,-0.02,0.99,0.11
786410.24,-0.02,-0.02,0.99,0.11
786412.593,-0.02,-0.02,0.99,0.11
786415.667,-0.02,-0.02,0.99,0.11
786418.817,-0.02,-0.02,0.99,0.11
786421.496,-0.02,-0.02,0.99,0.11
786424.483,-0.02,-0.02,0.99,0.11
786427.505,-0.02,-0.02,0.99,0.11
786431.218,-0.02,-0.02,0.99,0.12
786433.483,-0.02,-0.02,0.99,0.12
786436.572,-0.02,-0.02,0.99,0.12
786439.592,-0.02,-0.02,0.99,0.12
786443.177,-0.02,-0.02,0.99,0.12
786445.662,-0.02,-0.02,0.99,0.12
786448.485,-0.02,-0.02,0.99,0.12
786451.475,-0.02,-0.02,0.99,0.12
786454.478,-0.02,-0.02,0.99,0.12
786458.191,-0.02,-0.02,0.99,0.12
786460.535,-0.02,-0.02,0.99,0.12
786463.794,-0.02,-0.02,0.99,0.12
786466.53,-0.02,-0.02,0.99,0.12
786469.555,-0.02,-0.02,0.99,0.12
786472.637,-0.02,-0.02,0.99,0.12
786476.218,-0.02,-0.02,0.99,0.12
786479.938,-0.02,-0.02,0.99,0.12
786482.712,-0.02,-0.02,0.99,0.12
786491.936,-0.02,-0.02,0.99,0.12
786494.55,-0.02,-0.02,0.99,0.12
786504.082,-0.02,-0.02,0.99,0.12
786505.872,-0.02,-0.02,0.99,0.12
786509.154,-0.02,-0.02,0.99,0.12
786512.631,-0.02,-0.02,0.99,0.12
786514.218,-0.02,-0.02,0.99,0.12
786515.65,-0.02,-0.02,0.99,0.12
786518.904,-0.02,-0.02,0.99,0.12
786521.735,-0.02,-0.02,0.99,0.12
786523.132,-0.02,-0.02,0.99,0.12
786524.965,-0.02,-0.02,0.99,0.12
786527.82,-0.02,-0.02,0.99,0.12
786531.714,-0.02,-0.02,0.99,0.12
786533.965,-0.02,-0.02,0.99,0.12
786537.004,-0.02,-0.02,0.99,0.12
786539.223,-0.02,-0.02,0.99,0.12
786540.467,-0.02,-0.02,0.99,0.12
786543.904,-0.02,-0.02,0.99,0.12
786547.614,-0.02,-0.02,0.99,0.12
786550.545,-0.02,-0.02,0.99,0.12
786553.517,-0.02,-0.02,0.99,0.12
786556.557,-0.02,-0.02,0.99,0.12
786559.538,-0.02,-0.02,0.99,0.12
786563.174,-0.02,-0.02,0.99,0.12
786565.602,-0.02,-0.02,0.99,0.12
786568.487,-0.02,-0.02,0.99,0.12
786571.486,-0.02,-0.02,0.99,0.12
786574.48,-0.02,-0.02,0.99,0.12
786578.185,-0.02,-0.02,0.99,0.12
786580.512,-0.02,-0.02,0.99,0.12
786583.482,-0.02,-0.02,0.99,0.12
786586.48,-0.01,-0.02,0.99,0.12
786590.202,-0.01,-0.02,0.99,0.12
786592.511,-0.01,-0.02,0.99,0.12
786595.492,-0.01,-0.02,0.99,0.12
786598.565,-0.01,-0.02,0.99,0.12
786601.54,-0.01,-0.02,0.99,0.12
786605.19,-0.01,-0.02,0.99,0.12
786607.573,-0.01,-0.02,0.99,0.11
786610.576,-0.01,-0.02,0.99,0.11
786613.514,-0.01,-0.02,0.99,0.11
786616.537,-0.01,-0.02,0.99,0.11
786620.335,-0.01,-0.02,0.99,0.11
786622.505,-0.01,-0.02,0.99,0.11
786626.124,-0.01,-0.02,0.99,0.11
786628.48,-0.01,-0.02,0.99,0.11
786631.495,-0.01,-0.02,0.99,0.11
786634.487,-0.01,-0.02,0.99,0.11
786638.881,-0.01,-0.02,0.99,0.11
786640.778,-0.01,-0.02,0.99,0.11
786643.481,-0.01,-0.02,0.99,0.11
786646.5,-0.01,-0.02,0.99,0.11
786649.488,-0.01,-0.02,0.99,0.11
786653.173,-0.01,-0.01,0.99,0.11
786655.513,-0.01,-0.01,0.99,0.11
786658.594,-0.01,-0.01,0.99,0.11
786661.48,-0.01,-0.01,0.99,0.11
786665.27,-0.01,-0.01,0.99,0.11
786667.554,-0.01,-0.01,0.99,0.11
786670.517,-0.01,-0.01,0.99,0.11
786673.574,-0.01,-0.01,0.99,0.11
786676.516,-0.01,-0.01,0.99,0.11
786679.496,-0.01,-0.01,0.99,0.11
786683.15,-0.01,-0.01,0.99,0.11
786685.487,-0.01,-0.01,0.99,0.11
786688.49,-0.01,-0.01,0.99,0.11
786691.496,-0.01,-0.01,0.99,0.11
786694.486,-0.01,-0.01,0.99,0.11
786697.505,-0.01,-0.01,0.99,0.11
786701.398,-0.01,-0.01,0.99,0.11
786704.145,-0.01,-0.01,0.99,0.11
786706.48,-0.01,-0.01,0.99,0.1
786709.504,-0.01,-0.01,0.99,0.1
786712.547,-0.01,-0.01,0.99,0.1
786715.676,-0.01,-0.01,0.99,0.1
786718.54,-0.01,-0.01,0.99,0.1
786721.483,-0.01,-0.01,0.99,0.1
786725.204,-0.01,-0.01,0.99,0.1
786727.554,-0.01,-0.01,0.99,0.1
786730.602,-0.01,-0.01,0.99,0.1
786733.519,-0.01,-0.01,0.99,0.1
786736.526,-0.01,-0.01,0.99,0.1
786740.325,-0.01,-0.01,0.99,0.1
786742.503,-0.01,-0.01,0.99,0.1
786745.611,-0.01,-0.01,0.99,0.1
786748.476,-0.01,-0.01,0.99,0.1
786751.503,-0.01,-0.01,0.99,0.1
786755.24,-0.01,-0.01,0.99,0.1
786758.127,-0.01,-0.01,0.99,0.1
786760.654,-0.01,-0.01,1.0,0.1
786763.497,-0.01,-0.01,1.0,0.1
786766.502,-0.01,-0.01,1.0,0.1
786770.169,-0.01,-0.01,1.0,0.1
786772.484,-0.01,-0.01,1.0,0.1
786775.752,-0.01,-0.01,1.0,0.1
786778.484,-0.01,-0.01,1.0,0.1
786781.48,-0.01,-0.01,1.0,0.1
786785.817,-0.01,-0.01,1.0,0.1
786787.56,-0.01,-0.01,1.0,0.1
786790.655,-0.01,-0.01,1.0,0.1
786793.521,-0.01,-0.01,1.0,0.09
786796.51,-0.01,-0.01,1.0,0.09
786799.522,-0.01,-0.01,1.0,0.09
786803.161,-0.01,-0.01,1.0,0.09
786805.579,-0.01,-0.01,1.0,0.09
786808.486,-0.01,-0.01,1.0,0.09
786811.496,-0.01,-0.01,1.0,0.09
786814.645,-0.01,-0.01,1.0,0.09
786818.175,-0.01,-0.01,1.0,0.09
786820.965,-0.01,-0.01,1.0,0.09
786823.499,-0.01,-0.01,1.0,0.09
786826.574,-0.01,-0.01,1.0,0.09
786830.179,-0.01,-0.01,1.0,0.09
786832.505,-0.0,-0.01,1.0,0.09
786835.585,-0.0,-0.01,1.0,0.09
786838.488,-0.0,-0.01,1.0,0.09
786841.497,-0.0,-0.01,1.0,0.09
786845.153,-0.0,-0.01,1.0,0.09
786847.556,-0.0,-0.01,1.0,0.09
786850.519,-0.0,-0.01,1.0,0.09
786853.518,-0.0,-0.01,1.0,0.09
786856.522,-0.0,-0.01,1.0,0.09
786860.244,-0.0,-0.01,1.0,0.09
786863.199,-0.0,-0.01,1.0,0.09
786865.582,-0.0,-0.01,1.0,0.09
786868.498,-0.0,-0.01,1.0,0.09
786871.479,-0.0,-0.01,1.0,0.09
786875.174,-0.0,-0.01,1.0,0.09
786878.367,-0.0,-0.01,1.0,0.08
786880.561,-0.0,-0.01,1.0,0.08
786883.578,-0.0,-0.01,1.0,0.08
786886.477,-0.0,-0.01,1.0,0.08
786890.224,-0.0,-0.01,1.0,0.08
786892.496,-0.0,-0.01,1.0,0.08
786895.539,-0.0,-0.01,1.0,0.08
786898.487,-0.0,-0.01,1.0,0.08
786901.483,-0.0,-0.01,1.0,0.08
786904.491,-0.0,-0.01,1.0,0.08
786908.214,-0.0,-0.01,1.0,0.08
786910.525,-0.0,-0.01,1.0,0.08
786913.615,-0.0,-0.01,1.0,0.08
786916.573,-0.0,-0.01,1.0,0.08
786920.182,-0.0,-0.01,1.0,0.08
786922.49,-0.0,-0.01,1.0,0.08
786925.619,-0.0,-0.01,1.0,0.08
786928.496,-0.0,-0.01,1.0,0.08
786931.488,-0.0,-0.01,1.0,0.08
786935.177,-0.0,-0.01,1.0,0.08
786937.615,-0.0,-0.01,1.0,0.08
786940.599,-0.0,-0.01,1.0,0.08
786943.477,-0.0,-0.01,1.0,0.08
786947.176,-0.0,-0.01,1.0,0.08
786949.506,-0.0,-0.01,1.0,0.08
786952.484,-0.0,-0.01,1.0,0.08
786955.494,-0.0,-0.01,1.0,0.08
786958.487,-0.0,-0.01,1.0,0.08
786961.492,-0.0,-0.01,1.0,0.08
786965.24,-0.0,-0.01,1.0,0.08
786967.971,-0.0,-0.02,1.0,0.08
786970.515,-0.0,-0.02,1.0,0.08
786973.515,-0.0,-0.02,1.0,0.08
786976.532,-0.0,-0.02,1.0,0.08
786980.184,-0.0,-0.02,1.0,0.08
786982.96,-0.0,-0.02,1.0,0.08
786985.582,-0.0,-0.02,1.0,0.08
786988.512,-0.0,-0.02,1.0,0.08
786991.494,-0.0,-0.02,1.0,0.08
786994.492,-0.0,-0.02,1.0,0.08
786997.61,-0.0,-0.02,1.0,0.08
787001.235,-0.0,-0.02,1.0,0.08
787004.169,-0.0,-0.02,1.0,0.08
787006.482,-0.0,-0.02,1.0,0.08
787009.505,-0.0,-0.02,1.0,0.08
787012.519,-0.0,-0.02,1.0,0.08
787015.556,-0.0,-0.02,1.0,0.08
787018.531,-0.0,-0.02,1.0,0.08
787022.149,-0.0,-0.02,1.0,0.08
787024.496,-0.0,-0.02,1.0,0.08
787028.025,-0.0,-0.02,1.0,0.08
787030.533,-0.0,-0.02,1.0,0.08
787033.517,-0.0,-0.02,1.0,0.08
787037.194,-0.0,-0.02,1.0,0.08
787039.619,-0.0,-0.02,1.0,0.08
787043.278,-0.0,-0.02,1.0,0.08
787045.624,-0.0,-0.02,1.0,0.08
787048.525,-0.0,-0.02,1.0,0.08
787051.478,-0.0,-0.02,1.0,0.08
787055.161,-0.0,-0.02,1.0,0.08
787057.509,-0.0,-0.02,1.0,0.08
787060.476,-0.0,-0.02,1.0,0.08
787063.502,-0.0,-0.02,1.0,0.08
787067.15,-0.0,-0.02,1.0,0.08
787069.492,-0.0,-0.02,1.0,0.08
787072.928,-0.0,-0.02,1.0,0.08
787075.48,-0.0,-0.02,1.0,0.08
787078.474,-0.0,-0.02,1.0,0.09
787082.163,-0.0,-0.02,1.0,0.09
787084.494,-0.0,-0.02,1.0,0.09
787088.058,-0.0,-0.03,1.0,0.09
787090.611,-0.0,-0.03,1.0,0.09
787093.519,-0.0,-0.03,1.0,0.09
787096.521,-0.0,-0.03,1.0,0.09
787100.157,-0.0,-0.03,1.0,0.09
787103.124,-0.0,-0.03,1.0,0.09
787105.576,-0.0,-0.03,1.0,0.09
787108.5,-0.0,-0.03,1.0,0.09
787111.473,-0.0,-0.03,1.0,0.09
787114.611,-0.0,-0.03,1.0,0.09
787117.508,-0.0,-0.03,1.0,0.09
787120.543,-0.0,-0.03,1.0,0.09
787124.163,-0.0,-0.03,1.0,0.09
787126.489,-0.0,-0.03,1.0,0.09
787129.494,-0.0,-0.03,1.0,0.09
787132.489,-0.0,-0.03,1.0,0.09
787135.482,-0.0,-0.03,1.0,0.09
787138.487,-0.0,-0.03,1.0,0.09
787141.489,-0.0,-0.03,1.0,0.09
787145.174,-0.0,-0.03,1.0,0.09
787147.827,-0.0,-0.03,1.0,0.09
787150.515,-0.0,-0.03,1.0,0.09
787153.521,-0.0,-0.03,1.0,0.09
787157.208,0.0,-0.03,1.0,0.09
787159.5,0.0,-0.03,1.0,0.09
787162.776,0.0,-0.03,1.0,0.09
787165.594,0.0,-0.03,1.0,0.09
787168.501,0.0,-0.03,1.0,0.09
787171.48,0.0,-0.03,1.0,0.09
787175.176,0.0,-0.03,1.0,0.09
787177.484,0.0,-0.03,1.0,0.09
787180.486,0.0,-0.03,1.0,0.09
787183.488,0.0,-0.03,0.99,0.09
787187.162,0.0,-0.03,0.99,0.09
787189.569,0.0,-0.03,0.99,0.09
787192.488,0.0,-0.03,0.99,0.1
787195.482,0.0,-0.03,0.99,0.1
787198.49,0.0,-0.04,0.99,0.1
787202.237,0.0,-0.04,0.99,0.1
787204.507,0.0,-0.04,0.99,0.1
787208.007,0.0,-0.04,0.99,0.1
787210.515,0.0,-0.04,0.99,0.1
787213.533,0.0,-0.04,0.99,0.1
787216.523,0.0,-0.04,0.99,0.1
787220.663,0.0,-0.04,0.99,0.1
787222.724,0.0,-0.04,0.99,0.1
787225.565,0.0,-0.04,0.99,0.1
787228.492,0.0,-0.04,0.99,0.1
787231.496,0.0,-0.04,0.99,0.1
787234.501,0.0,-0.04,0.99,0.1
787237.67,0.0,-0.04,0.99,0.1
787240.606,0.0,-0.04,0.99,0.1
787243.48,0.0,-0.04,0.99,0.1
787247.197,0.0,-0.04,0.99,0.1
787249.503,0.0,-0.04,0.99,0.1
787252.486,0.0,-0.04,0.99,0.1
787255.483,0.0,-0.04,0.99,0.1
787258.485,0.0,-0.04,0.99,0.1
787261.491,0.0,-0.04,0.99,0.1
787265.252,0.0,-0.04,0.99,0.11
787267.715,0.0,-0.04,0.99,0.11
787270.519,0.0,-0.04,0.99,0.11
787273.519,0.0,-0.04,0.99,0.11
787276.537,0.01,-0.04,0.99,0.11
787280.216,0.01,-0.04,0.99,0.11
787282.687,0.01,-0.04,0.99,0.11
787285.498,0.01,-0.04,0.99,0.11
787288.492,0.01,-0.04,0.99,0.11
787291.489,0.01,-0.04,0.99,0.11
787295.151,0.01,-0.04,0.99,0.11
787298.016,0.01,-0.04,0.99,0.11
787300.479,0.01,-0.04,0.99,0.11
787303.484,0.01,-0.04,0.99,0.11
787306.505,0.01,-0.04,0.99,0.11
787310.157,0.01,-0.04,0.99,0.11
787312.702,0.01,-0.05,0.99,0.11
787315.549,0.01,-0.05,0.99,0.11
787318.482,0.01,-0.05,0.99,0.12
787321.489,0.01,-0.05,0.99,0.12
787325.157,0.01,-0.05,0.99,0.12
787327.588,0.01,-0.05,0.99,0.12
787330.519,0.01,-0.05,0.99,0.12
787334.204,0.01,-0.05,0.99,0.12
787336.533,0.01,-0.05,0.99,0.12
787339.691,0.01,-0.05,0.99,0.12
787342.622,0.01,-0.05,0.99,0.12
787345.494,0.01,-0.05,0.99,0.12
787348.521,0.01,-0.05,0.99,0.12
787352.161,0.01,-0.05,0.99,0.12
787354.506,0.01,-0.05,0.99,0.12
787357.576,0.01,-0.05,0.99,0.12
787360.478,0.01,-0.05,0.99,0.13
787363.488,0.01,-0.05,0.99,0.13
787367.804,0.01,-0.05,0.99,0.13
787369.516,0.01,-0.05,0.99,0.13
787372.599,0.01,-0.05,0.99,0.13
787375.48,0.01,-0.05,0.99,0.13
787379.159,0.01,-0.05,0.99,0.13
787381.482,0.01,-0.05,0.99,0.13
787384.503,0.01,-0.05,0.99,0.13
787388.001,0.01,-0.05,0.99,0.13
787390.689,0.01,-0.05,0.99,0.13
787393.527,0.01,-0.05,0.99,0.13
787396.534,0.01,-0.05,0.99,0.13
787400.917,0.01,-0.05,0.99,0.13
787402.525,0.01,-0.05,0.99,0.14
787405.477,0.01,-0.05,0.99,0.14
787409.179,0.01,-0.05,0.99,0.14
787411.511,0.01,-0.05,0.99,0.14
787414.601,0.01,-0.05,0.99,0.14
787417.714,0.01,-0.05,0.99,0.14
787420.479,0.01,-0.05,0.99,0.14
787423.481,0.01,-0.05,0.99,0.14
787427.188,0.01,-0.05,0.99,0.14
787429.556,0.01,-0.05,0.99,0.14
787432.792,0.01,-0.05,0.99,0.14
787435.483,0.01,-0.05,0.99,0.14
787438.62,0.01,-0.05,0.99,0.14
787442.249,0.01,-0.05,0.99,0.14
787445.249,0.01,-0.05,0.99,0.14
787447.533,0.01,-0.05,0.99,0.14
787450.521,0.01,-0.05,0.99,0.14
787453.523,0.01,-0.05,0.99,0.14
787456.536,0.01,-0.05,0.99,0.15
787460.762,0.01,-0.05,0.99,0.15
787463.148,0.01,-0.05,0.99,0.15
787465.618,0.01,-0.05,0.99,0.15
787468.506,0.01,-0.05,0.99,0.15
787471.513,0.01,-0.05,0.99,0.15
787474.49,0.01,-0.05,0.99,0.15
787477.537,0.01,-0.05,0.99,0.15
787480.479,0.01,-0.05,0.99,0.15
787483.476,0.01,-0.05,0.99,0.15
787487.149,0.01,-0.05,0.99,0.15
787489.578,0.01,-0.05,0.99,0.15
787492.491,0.01,-0.05,0.99,0.15
787495.488,0.01,-0.05,0.99,0.15
787498.572,0.01,-0.05,0.99,0.15
787502.16,0.01,-0.05,0.99,0.15
787504.657,0.01,-0.05,0.99,0.15
787507.526,0.01,-0.05,0.99,0.15
787510.519,0.01,-0.05,0.99,0.15
787513.519,0.01,-0.05,0.99,0.15
787517.198,0.01,-0.05,0.99,0.15
787519.519,0.01,-0.05,0.99,0.15
787522.487,0.01,-0.05,0.99,0.15
787525.477,0.01,-0.05,0.99,0.15
787529.188,0.01,-0.05,0.99,0.15
787531.603,0.01,-0.05,0.99,0.15
787534.523,0.01,-0.05,0.99,0.15
787537.618,0.01,-0.05,0.99,0.15
787540.58,0.01,-0.05,0.99,0.15
787543.481,0.01,-0.05,0.99,0.15
787547.247,0.01,-0.05,0.99,0.15
787549.578,0.01,-0.05,0.99,0.15
787552.479,0.0,-0.05,0.99,0.15
787555.476,0.0,-0.05,0.99,0.15
787558.498,0.0,-0.05,0.99,0.16
787562.147,0.0,-0.05,0.99,0.16
787564.618,0.0,-0.05,0.99,0.16
787567.553,0.0,-0.05,0.99,0.16
787570.516,0.0,-0.05,0.99,0.16
787573.528,0.0,-0.05,0.99,0.16
787577.204,0.0,-0.05,0.99,0.16
787579.511,0.0,-0.05,0.99,0.16
787582.484,0.0,-0.05,0.99,0.16
787585.482,0.0,-0.05,0.99,0.16
787588.507,0.0,-0.05,0.99,0.16
787592.172,0.0,-0.05,0.99,0.16
787594.522,0.0,-0.05,0.99,0.16
787597.49,0.0,-0.05,0.99,0.16
787600.479,0.0,-0.05,0.99,0.16
787604.18,0.0,-0.05,0.99,0.16
787606.619,0.0,-0.05,0.99,0.16
787609.542,0.0,-0.05,0.99,0.16
787612.497,0.0,-0.05,0.99,0.16
787615.584,0.0,-0.05,0.99,0.16
787618.497,0.0,-0.05,0.99,0.16
787622.164,0.0,-0.05,0.99,0.16
787624.513,0.0,-0.05,0.99,0.16
787627.561,0.0,-0.05,0.99,0.16
787630.54,0.0,-0.05,0.99,0.16
787633.56,0.0,-0.05,0.99,0.16
787636.525,0.0,-0.05,0.99,0.16
787639.626,0.0,-0.05,0.99,0.16
787642.504,0.0,-0.05,0.99,0.16
787645.479,0.0,-0.05,0.99,0.17
787648.496,0.0,-0.05,0.99,0.17
787651.509,0.0,-0.05,0.99,0.17
787654.506,0.0,-0.05,0.99,0.17
787657.478,0.0,-0.05,0.99,0.17
787661.836,0.0,-0.05,0.99,0.17
787664.166,0.0,-0.05,0.99,0.17
787666.614,0.0,-0.05,0.99,0.16
787669.527,0.0,-0.05,0.99,0.16
787672.483,0.0,-0.05,0.99,0.16
787675.483,0.0,-0.05,0.99,0.16
787678.51,0.0,-0.05,0.99,0.16
787682.176,0.0,-0.05,0.99,0.16
787684.489,0.0,-0.05,0.99,0.16
787687.531,0.0,-0.05,0.99,0.16
787690.642,0.0,-0.05,0.99,0.16
787693.523,0.0,-0.05,0.99,0.16
787697.188,0.0,-0.05,0.99,0.16
787699.48,0.0,-0.05,0.99,0.16
787702.48,0.0,-0.05,0.99,0.16
787705.48,0.0,-0.05,0.99,0.16
787708.536,0.0,-0.05,0.99,0.16
787712.182,0.0,-0.05,0.99,0.16
787714.881,0.0,-0.05,0.99,0.16
787717.574,0.0,-0.05,0.99,0.16
787720.491,0.0,-0.05,0.99,0.16
787724.169,0.0,-0.05,0.99,0.16
787726.499,0.01,-0.05,0.99,0.16
787729.528,0.01,-0.05,0.99,0.16
787732.5,0.01,-0.05,0.99,0.16
787735.535,0.01,-0.04,0.99,0.16
787738.493,0.01,-0.04,0.99,0.16
787742.174,0.01,-0.04,0.99,0.16
787744.494,0.01,-0.04,0.99,0.15
787747.657,0.01,-0.04,0.99,0.15
787750.518,0.01,-0.04,0.99,0.15
787753.524,0.01,-0.04,0.99,0.15
787757.212,0.01,-0.04,0.99,0.15
787759.738,0.01,-0.04,0.99,0.15
787762.588,0.01,-0.04,0.99,0.15
787765.679,0.01,-0.04,0.99,0.15
787768.546,0.01,-0.04,0.99,0.15
787771.487,0.01,-0.04,0.99,0.15
787774.646,0.01,-0.04,0.99,0.15
787777.487,0.01,-0.04,0.99,0.15
787780.488,0.01,-0.04,0.99,0.15
787784.208,0.01,-0.04,0.99,0.14
787786.504,0.01,-0.04,0.99,0.14
787789.737,0.01,-0.04,0.99,0.14
787792.486,0.01,-0.04,0.99,0.14
787795.482,0.01,-0.04,0.99,0.14
787798.504,0.01,-0.04,0.99,0.14
787802.174,0.01,-0.04,0.99,0.14
787804.676,0.01,-0.04,0.99,0.14
787807.542,0.01,-0.04,0.99,0.14
787810.512,0.01,-0.04,0.99,0.14
787813.522,0.01,-0.04,0.99,0.14
787817.905,0.01,-0.04,0.99,0.14
787819.702,0.01,-0.04,0.99,0.14
787822.508,0.01,-0.04,0.99,0.14
787825.484,0.01,-0.04,0.99,0.14
787828.507,0.01,-0.04,0.99,0.14
787831.51,0.01,-0.04,0.99,0.14
787835.326,0.01,-0.04,0.99,0.14
787837.547,0.01,-0.04,0.99,0.14
787840.587,0.01,-0.04,0.99,0.14
787844.219,0.01,-0.04,0.99,0.14
787846.499,0.01,-0.04,0.99,0.14
787849.667,0.01,-0.04,0.99,0.14
787852.491,0.01,-0.04,0.99,0.14
787855.482,0.01,-0.04,0.99,0.14
787858.502,0.01,-0.04,0.99,0.14
787862.128,0.01,-0.04,0.99,0.14
787864.68,0.01,-0.04,0.99,0.14
787867.562,0.01,-0.04,0.99,0.14
787870.537,0.01,-0.04,0.99,0.14
787873.548,0.01,-0.04,0.99,0.14
787877.902,0.01,-0.04,0.99,0.14
787879.613,0.01,-0.04,0.99,0.14
787882.506,0.01,-0.04,0.99,0.14
787886.159,0.01,-0.04,0.99,0.14
787888.503,0.01,-0.04,0.99,0.14
787891.513,0.01,-0.04,0.99,0.14
787894.558,0.01,-0.04,0.99,0.14
787897.486,0.01,-0.04,0.99,0.14
787900.477,0.01,-0.04,0.99,0.14
787903.513,0.01,-0.04,0.99,0.14
787906.499,0.01,-0.04,0.99,0.14
787909.554,0.01,-0.04,0.99,0.14
787912.48,0.01,-0.04,0.99,0.14
787915.583,0.01,-0.04,0.99,0.14
787919.243,0.01,-0.04,0.99,0.14
787921.49,0.01,-0.04,0.99,0.14
787924.64,0.01,-0.04,0.99,0.14
787927.541,0.01,-0.04,0.99,0.14
787931.222,0.01,-0.04,0.99,0.15
787933.518,0.01,-0.04,0.99,0.15
787937.168,0.01,-0.04,0.99,0.15
787939.724,0.01,-0.04,0.99,0.15
787942.496,0.01,-0.04,0.99,0.15
787945.478,0.01,-0.04,0.99,0.15
787948.498,0.01,-0.04,0.99,0.15
787951.501,0.01,-0.04,0.99,0.15
787955.297,0.01,-0.04,0.99,0.15
787958.365,0.01,-0.04,0.99,0.15
787960.485,0.01,-0.05,0.99,0.15
787963.491,0.01,-0.05,0.99,0.15
787966.508,0.01,-0.05,0.99,0.15
787969.524,0.01,-0.05,0.99,0.15
787972.56,0.01,-0.05,0.99,0.15
787975.569,0.01,-0.05,0.99,0.15
787979.197,0.01,-0.05,0.99,0.15
787981.634,0.01,-0.05,0.99,0.15
787984.485,0.01,-0.05,0.99,0.16
787987.555,0.01,-0.05,0.99,0.16
787990.642,0.01,-0.05,0.99,0.16
787994.199,0.01,-0.05,0.99,0.16
787996.521,0.01,-0.05,0.99,0.16
787999.54,0.01,-0.05,0.99,0.16
788002.488,0.01,-0.05,0.99,0.16
788005.49,0.01,-0.05,0.99,0.16
788009.43,0.01,-0.05,0.99,0.16
788011.509,0.01,-0.05,0.99,0.16
788014.579,0.01,-0.05,0.99,0.16
788017.492,0.01,-0.05,0.99,0.16
788020.493,0.01,-0.05,0.99,0.16
788023.507,0.01,-0.05,0.99,0.16
788026.934,0.01,-0.05,0.99,0.16
788029.491,0.01,-0.05,0.99,0.16
788032.506,0.01,-0.05,0.99,0.16
788035.594,0.01,-0.05,0.99,0.16
788039.201,0.01,-0.05,0.99,0.16
788041.584,0.01,-0.05,0.99,0.16
788044.522,0.01,-0.05,0.99,0.16
788047.566,0.01,-0.05,0.99,0.16
788050.517,0.01,-0.05,0.99,0.16
788053.551,0.01,-0.05,0.98,0.16
788056.56,0.01,-0.05,0.98,0.17
788060.222,0.01,-0.05,0.98,0.17
788063.158,0.01,-0.05,0.98,0.17
788065.602,0.01,-0.05,0.98,0.17
788068.521,0.01,-0.05,0.98,0.17
788071.557,0.01,-0.05,0.98,0.17
788074.498,0.01,-0.05,0.98,0.17
788077.482,0.01,-0.05,0.98,0.17
788080.493,0.01,-0.05,0.98,0.17
788084.16,0.01,-0.05,0.98,0.17
788086.523,0.01,-0.05,0.98,0.17
788089.571,0.01,-0.05,0.98,0.17
788092.619,0.01,-0.05,0.98,0.17
788095.483,0.01,-0.05,0.98,0.17
788099.182,0.01,-0.05,0.98,0.17
788101.608,0.01,-0.05,0.98,0.18
788104.739,0.01,-0.05,0.98,0.18
788107.57,0.01,-0.05,0.98,0.18
788110.523,0.01,-0.05,0.98,0.18
788114.197,0.01,-0.05,0.98,0.18
788116.563,0.02,-0.06,0.98,0.18
788119.519,0.02,-0.06,0.98,0.18
788122.482,0.02,-0.06,0.98,0.18
788126.175,0.02,-0.06,0.98,0.18
788128.51,0.02,-0.06,0.98,0.18
788131.542,0.02,-0.06,0.98,0.18
788134.486,0.02,-0.06,0.98,0.19
788137.489,0.02,-0.06,0.98,0.19
788141.295,0.02,-0.06,0.98,0.19
788143.524,0.02,-0.06,0.98,0.19
788146.929,0.02,-0.06,0.98,0.19
788149.503,0.02,-0.06,0.98,0.19
788152.596,0.02,-0.06,0.98,0.19
788155.489,0.02,-0.06,0.98,0.19
788159.165,0.02,-0.06,0.98,0.19
788162.157,0.02,-0.06,0.98,0.19
788164.588,0.02,-0.06,0.98,0.19
788167.581,0.02,-0.06,0.98,0.2
788170.542,0.02,-0.06,0.98,0.2
788174.19,0.02,-0.06,0.98,0.2
788176.52,0.02,-0.06,0.98,0.2
788179.489,0.02,-0.06,0.98,0.2
788182.503,0.02,-0.06,0.98,0.2
788185.484,0.02,-0.06,0.98,0.2
788189.206,0.02,-0.06,0.98,0.2
788191.52,0.02,-0.06,0.98,0.2
788194.479,0.02,-0.06,0.98,0.21
788197.485,0.02,-0.06,0.98,0.21
788201.149,0.02,-0.06,0.98,0.21
788203.502,0.02,-0.06,0.98,0.21
788206.56,0.02,-0.06,0.98,0.21
788209.597,0.02,-0.06,0.98,0.21
788212.493,0.02,-0.06,0.98,0.21
788215.584,0.02,-0.06,0.97,0.21
788219.158,0.02,-0.06,0.97,0.21
788221.495,0.02,-0.06,0.97,0.22
788224.659,0.02,-0.06,0.97,0.22
788227.559,0.02,-0.06,0.97,0.22
788230.521,0.02,-0.06,0.97,0.22
788234.221,0.02,-0.06,0.97,0.22
788239.186,0.02,-0.06,0.97,0.23
788248.902,0.02,-0.06,0.97,0.23
788251.373,0.02,-0.06,0.97,0.23
788255.245,0.02,-0.06,0.97,0.23
788263.638,0.02,-0.06,0.97,0.23
788267.41,0.02,-0.07,0.97,0.24
788270.435,0.02,-0.07,0.97,0.24
788274.879,0.02,-0.07,0.97,0.24
788276.335,0.02,-0.07,0.97,0.24
788279.976,0.02,-0.07,0.97,0.24
788282.586,0.02,-0.07,0.97,0.24
788283.983,0.02,-0.07,0.97,0.24
788285.793,0.02,-0.07,0.97,0.25
788289.055,0.02,-0.07,0.97,0.25
788293.624,0.02,-0.07,0.97,0.25
788297.274,0.02,-0.07,0.97,0.25
788300.928,0.02,-0.07,0.96,0.25
788304.385,0.02,-0.07,0.96,0.25
788307.824,0.02,-0.07,0.96,0.26
788310.034,0.02,-0.07,0.96,0.26
788313.481,0.02,-0.07,0.96,0.26
788315.576,0.02,-0.07,0.96,0.26
788320.608,0.02,-0.07,0.96,0.26
788324.185,0.02,-0.07,0.96,0.26
788326.726,0.02,-0.07,0.96,0.26
788329.517,0.02,-0.07,0.96,0.26
788332.519,0.02,-0.07,0.96,0.27
788336.23,0.02,-0.07,0.96,0.27
788338.51,0.02,-0.07,0.96,0.27
788341.636,0.02,-0.07,0.96,0.27
788344.483,0.02,-0.07,0.96,0.27
788347.522,0.02,-0.07,0.96,0.27
788350.544,0.02,-0.07,0.96,0.27
788354.186,0.02,-0.07,0.96,0.27
788356.628,0.02,-0.07,0.96,0.28
788359.483,0.02,-0.07,0.96,0.28
788362.521,0.02,-0.07,0.96,0.28
788366.316,0.02,-0.07,0.96,0.28
788368.511,0.02,-0.07,0.96,0.28
788371.602,0.02,-0.07,0.96,0.28
788374.506,0.02,-0.07,0.96,0.28
788377.577,0.02,-0.07,0.96,0.28
788381.207,0.02,-0.07,0.96,0.28
788383.547,0.02,-0.07,0.96,0.29
788386.712,0.02,-0.07,0.96,0.29
788389.624,0.02,-0.07,0.95,0.29
788392.49,0.02,-0.07,0.95,0.29
788395.488,0.02,-0.07,0.95,0.29
788399.859,0.02,-0.07,0.95,0.29
788401.57,0.02,-0.07,0.95,0.29
788404.482,0.02,-0.07,0.95,0.29
788407.506,0.02,-0.07,0.95,0.29
788411.172,0.02,-0.07,0.95,0.29
788414.152,0.02,-0.07,0.95,0.29
788416.585,0.02,-0.07,0.95,0.29
788419.492,0.02,-0.07,0.95,0.3
788422.511,0.02,-0.07,0.95,0.3
788426.154,0.02,-0.07,0.95,0.3
788428.503,0.02,-0.07,0.95,0.3
788431.683,0.02,-0.07,0.95,0.3
788434.637,0.02,-0.07,0.95,0.3
788437.57,0.02,-0.06,0.95,0.3
788441.334,0.02,-0.06,0.95,0.3
788443.518,0.02,-0.06,0.95,0.3
788446.585,0.02,-0.06,0.95,0.3
788449.516,0.02,-0.06,0.95,0.3
788453.213,0.02,-0.06,0.95,0.3
788455.488,0.02,-0.06,0.95,0.3
788458.609,0.02,-0.06,0.95,0.3
788461.908,0.02,-0.06,0.95,0.3
788464.603,0.02,-0.06,0.95,0.3
788467.477,0.02,-0.06,0.95,0.3
788470.495,0.02,-0.06,0.95,0.3
788474.158,0.02,-0.06,0.95,0.3
788476.521,0.02,-0.06,0.95,0.3
788479.473,0.02,-0.06,0.95,0.3
788482.486,0.02,-0.06,0.95,0.3
788486.217,0.02,-0.06,0.95,0.3
788488.593,0.02,-0.06,0.95,0.3
788491.52,0.02,-0.06,0.95,0.3
788494.471,0.02,-0.06,0.95,0.3
788497.484,0.02,-0.06,0.95,0.3
788500.53,0.02,-0.06,0.95,0.3
788504.204,0.02,-0.06,0.95,0.3
788506.518,0.02,-0.06,0.95,0.3
788509.514,0.02,-0.06,0.95,0.3
788512.497,0.02,-0.06,0.95,0.3
788515.602,0.02,-0.06,0.95,0.3
788519.854,0.02,-0.06,0.95,0.3
788521.511,0.02,-0.06,0.95,0.3
788524.478,0.02,-0.06,0.95,0.3
788527.492,0.02,-0.05,0.95,0.3
788531.171,0.02,-0.05,0.95,0.3
788533.505,0.03,-0.05,0.95,0.3
788536.509,0.03,-0.05,0.95,0.3
788539.7,0.03,-0.05,0.95,0.3
788542.49,0.03,-0.05,0.95,0.3
788546.138,0.03,-0.05,0.95,0.3
788548.486,0.03,-0.05,0.95,0.3
788551.487,0.03,-0.05,0.95,0.3
788554.537,0.03,-0.05,0.95,0.3
788558.154,0.03,-0.05,0.95,0.3
788560.542,0.03,-0.05,0.95,0.3
788563.564,0.03,-0.05,0.95,0.3
788566.527,0.03,-0.05,0.95,0.3
788569.517,0.03,-0.05,0.95,0.3
788572.483,0.03,-0.05,0.95,0.3
788576.175,0.03,-0.05,0.95,0.3
788578.556,0.03,-0.05,0.95,0.3
788581.796,0.03,-0.05,0.95,0.3
788584.488,0.03,-0.05,0.95,0.3
788587.623,0.03,-0.05,0.95,0.3
788591.302,0.03,-0.05,0.95,0.3
788593.507,0.03,-0.05,0.95,0.3
788596.509,0.03,-0.05,0.95,0.3
788599.513,0.03,-0.05,0.95,0.3
788602.49,0.03,-0.05,0.95,0.3
788606.208,0.03,-0.05,0.95,0.3
788608.557,0.03,-0.05,0.95,0.3
788611.734,0.03,-0.04,0.95,0.3
788614.56,0.03,-0.04,0.95,0.3
788617.518,0.03,-0.04,0.95,0.3
788621.239,0.03,-0.04,0.95,0.3
788624.137,0.03,-0.04,0.95,0.3
788626.536,0.03,-0.04,0.95,0.3
788629.522,0.03,-0.04,0.95,0.3
788633.184,0.03,-0.04,0.95,0.3
788635.496,0.03,-0.04,0.95,0.3
788639.275,0.03,-0.04,0.95,0.3
788641.534,0.03,-0.04,0.95,0.3
788644.489,0.03,-0.04,0.95,0.3
788647.481,0.03,-0.04,0.95,0.3
788651.181,0.03,-0.04,0.95,0.3
788653.52,0.03,-0.04,0.95,0.3
788656.652,0.03,-0.04,0.95,0.3
788659.519,0.03,-0.04,0.95,0.3
788662.477,0.03,-0.04,0.95,0.3
788666.241,0.03,-0.04,0.95,0.3
788668.517,0.03,-0.04,0.95,0.3
788671.496,0.03,-0.04,0.95,0.3
788674.481,0.03,-0.04,0.95,0.3
788678.161,0.03,-0.04,0.95,0.3
788680.555,0.03,-0.04,0.95,0.3
788683.581,0.03,-0.04,0.95,0.3
788686.527,0.03,-0.04,0.95,0.3
788689.705,0.03,-0.04,0.95,0.3
788692.536,0.03,-0.04,0.95,0.3
788696.159,0.03,-0.04,0.95,0.3
788698.504,0.03,-0.04,0.95,0.3
788701.499,0.03,-0.04,0.95,0.3
788704.488,0.03,-0.04,0.95,0.3
788707.488,0.03,-0.04,0.95,0.3
788711.171,0.03,-0.04,0.95,0.3
788713.508,0.03,-0.04,0.95,0.3
788716.57,0.03,-0.04,0.95,0.3
788719.487,0.03,-0.04,0.95,0.31
788722.477,0.03,-0.04,0.95,0.31
788726.158,0.03,-0.04,0.95,0.31
788728.524,0.03,-0.03,0.95,0.31
788731.478,0.03,-0.03,0.95,0.31
788734.483,0.03,-0.03,0.95,0.31
788737.519,0.03,-0.03,0.95,0.31
788741.427,0.03,-0.03,0.95,0.31
788743.526,0.03,-0.03,0.95,0.3
788746.509,0.03,-0.03,0.95,0.3
788749.508,0.03,-0.03,0.95,0.3
788753.224,0.03,-0.03,0.95,0.3
788755.497,0.03,-0.03,0.95,0.3
788759.135,0.03,-0.03,0.95,0.3
788761.496,0.03,-0.03,0.95,0.3
788764.596,0.03,-0.03,0.95,0.3
788767.486,0.03,-0.03,0.95,0.3
788771.145,0.03,-0.03,0.95,0.3
788773.482,0.03,-0.03,0.95,0.3
788776.478,0.03,-0.03,0.95,0.3
788779.544,0.03,-0.03,0.95,0.3
788782.473,0.03,-0.03,0.95,0.3
788786.146,0.03,-0.03,0.95,0.3
788788.497,0.03,-0.03,0.95,0.3
788791.513,0.03,-0.03,0.95,0.3
788794.48,0.03,-0.03,0.95,0.3
788797.602,0.03,-0.03,0.95,0.29
788801.214,0.03,-0.03,0.96,0.29
788803.523,0.03,-0.03,0.96,0.29
788806.571,0.03,-0.03,0.96,0.29
788809.516,0.03,-0.03,0.96,0.29
788812.511,0.03,-0.02,0.96,0.29
788815.61,0.03,-0.02,0.96,0.29
788818.513,0.03,-0.02,0.96,0.28
788821.692,0.03,-0.02,0.96,0.28
788824.48,0.03,-0.02,0.96,0.28
788827.52,0.03,-0.02,0.96,0.28
788830.516,0.03,-0.02,0.96,0.28
788833.503,0.03,-0.02,0.96,0.28
788836.489,0.03,-0.02,0.96,0.28
788840.253,0.03,-0.02,0.96,0.28
788843.225,0.03,-0.02,0.96,0.27
788845.494,0.03,-0.02,0.96,0.27
788848.741,0.03,-0.02,0.96,0.27
788851.492,0.03,-0.02,0.96,0.27
788854.476,0.03,-0.02,0.96,0.27
788857.496,0.03,-0.02,0.96,0.26
788863.883,0.03,-0.02,0.97,0.26
788874.653,0.03,-0.02,0.97,0.26
788876.66,0.03,-0.02,0.97,0.25
788879.499,0.03,-0.02,0.97,0.25
788882.772,0.03,-0.02,0.97,0.25
788886.001,0.03,-0.02,0.97,0.25
788890.591,0.03,-0.02,0.97,0.25
788892.426,0.03,-0.02,0.97,0.25
788895.67,0.03,-0.02,0.97,0.25
788898.701,0.03,-0.02,0.97,0.25
788900.329,0.03,-0.02,0.97,0.24
788903.676,0.03,-0.02,0.97,0.24
788905.915,0.03,-0.02,0.97,0.24
788908.115,0.03,-0.02,0.97,0.24
788911.18,0.03,-0.02,0.97,0.24
788913.184,0.03,-0.02,0.97,0.24
788916.329,0.03,-0.02,0.97,0.24
788917.721,0.03,-0.02,0.97,0.24
788920.527,0.03,-0.02,0.97,0.24
788923.632,0.03,-0.02,0.97,0.24
788925.229,0.03,-0.02,0.97,0.24
788928.757,0.03,-0.02,0.97,0.24
788933.213,0.03,-0.02,0.97,0.24
788937.063,0.03,-0.02,0.97,0.24
788940.19,0.03,-0.02,0.97,0.24
788947.61,0.03,-0.02,0.97,0.24
788951.641,0.03,-0.02,0.97,0.24
788953.606,0.03,-0.02,0.97,0.24
788956.522,0.03,-0.02,0.97,0.24
788959.52,0.03,-0.02,0.97,0.24
788963.201,0.03,-0.02,0.97,0.24
788965.671,0.03,-0.02,0.97,0.24
788968.627,0.03,-0.02,0.97,0.24
788971.477,0.03,-0.02,0.97,0.25
788974.485,0.03,-0.02,0.97,0.25
788978.242,0.03,-0.02,0.97,0.25
788980.501,0.03,-0.02,0.97,0.25
788983.54,0.03,-0.02,0.97,0.25
788986.493,0.03,-0.02,0.97,0.25
788990.427,0.03,-0.02,0.97,0.25
788992.518,0.03,-0.02,0.97,0.25
788995.947,0.03,-0.02,0.97,0.25
788998.575,0.03,-0.02,0.97,0.25
789001.496,0.03,-0.02,0.97,0.25
789004.497,0.03,-0.02,0.97,0.25
789008.241,0.03,-0.02,0.97,0.26
789010.528,0.03,-0.02,0.97,0.26
789013.527,0.03,-0.02,0.97,0.26
789016.536,0.03,-0.02,0.97,0.26
789019.487,0.03,-0.02,0.96,0.26
789023.852,0.03,-0.02,0.96,0.26
789025.496,0.03,-0.02,0.96,0.26
789028.588,0.03,-0.02,0.96,0.26
789031.491,0.03,-0.02,0.96,0.26
789035.148,0.03,-0.02,0.96,0.26
789037.487,0.03,-0.02,0.96,0.27
789040.652,0.03,-0.03,0.96,0.27
789043.524,0.03,-0.03,0.96,0.27
789046.5,0.03,-0.03,0.96,0.27
789049.562,0.03,-0.03,0.96,0.27
789052.572,0.03,-0.03,0.96,0.27
789055.509,0.03,-0.03,0.96,0.27
789059.239,0.03,-0.03,0.96,0.27
789061.485,0.03,-0.03,0.96,0.27
789064.611,0.03,-0.03,0.96,0.27
789068.269,0.03,-0.03,0.96,0.27
789070.563,0.03,-0.03,0.96,0.27
789073.67,0.03,-0.03,0.96,0.27
789076.514,0.03,-0.03,0.96,0.27
789079.517,0.03,-0.03,0.96,0.27
789083.15,0.03,-0.03,0.96,0.28
789085.502,0.03,-0.03,0.96,0.28
789088.479,0.03,-0.03,0.96,0.28
789091.495,0.03,-0.03,0.96,0.28
789094.493,0.03,-0.03,0.96,0.28
789097.534,0.03,-0.03,0.96,0.28
789101.685,0.03,-0.03,0.96,0.28
789103.493,0.03,-0.03,0.96,0.28
789106.503,0.03,-0.03,0.96,0.28
789109.496,0.03,-0.03,0.96,0.28
789113.173,0.03,-0.03,0.96,0.28
789116.011,0.03,-0.03,0.96,0.28
789118.488,0.03,-0.03,0.96,0.28
789121.486,0.03,-0.03,0.96,0.28
789124.484,0.03,-0.03,0.96,0.28
789128.206,0.04,-0.03,0.96,0.28
789130.529,0.04,-0.03,0.96,0.28
789133.529,0.04,-0.03,0.96,0.28
789136.52,0.04,-0.03,0.96,0.28
789140.301,0.04,-0.03,0.96,0.28
789142.494,0.04,-0.03,0.96,0.28
789145.553,0.04,-0.03,0.96,0.28
789148.488,0.04,-0.03,0.96,0.28
789151.48,0.04,-0.03,0.96,0.28
789155.158,0.04,-0.03,0.96,0.28
789157.513,0.04,-0.03,0.96,0.28
789160.686,0.04,-0.03,0.96,0.28
789163.493,0.04,-0.03,0.96,0.28
789166.53,0.04,-0.03,0.96,0.28
789169.534,0.04,-0.03,0.96,0.28
789173.152,0.04,-0.03,0.96,0.28
789175.528,0.04,-0.03,0.96,0.28
789178.48,0.04,-0.03,0.96,0.28
789181.486,0.04,-0.03,0.96,0.28
789185.166,0.04,-0.03,0.96,0.28
789187.584,0.04,-0.03,0.96,0.28
789190.622,0.04,-0.03,0.96,0.28
789193.521,0.04,-0.03,0.96,0.28
789196.514,0.04,-0.03,0.96,0.28
789200.149,0.04,-0.03,0.96,0.28
789202.492,0.04,-0.03,0.96,0.28
789205.915,0.04,-0.03,0.96,0.29
789208.525,0.04,-0.03,0.96,0.29
789211.56,0.03,-0.03,0.96,0.29
789214.605,0.03,-0.03,0.96,0.29
789218.186,0.03,-0.03,0.96,0.29
789220.937,0.03,-0.03,0.96,0.29
789223.48,0.03,-0.03,0.96,0.29
789226.512,0.03,-0.03,0.96,0.29
789229.505,0.03,-0.03,0.96,0.29
789233.146,0.03,-0.03,0.96,0.29
789236.155,0.03,-0.03,0.96,0.29
789238.488,0.03,-0.03,0.96,0.29
789241.504,0.03,-0.03,0.96,0.29
789244.512,0.03,-0.03,0.96,0.29
789248.192,0.03,-0.03,0.96,0.29
789250.529,0.03,-0.03,0.96,0.29
789253.553,0.03,-0.03,0.96,0.29
789256.597,0.03,-0.03,0.95,0.29
789259.489,0.03,-0.03,0.95,0.29
789263.141,0.03,-0.03,0.95,0.29
789265.577,0.03,-0.03,0.95,0.29
789268.603,0.03,-0.03,0.95,0.29
789271.569,0.03,-0.03,0.95,0.3
789274.481,0.03,-0.03,0.95,0.3
789278.161,0.03,-0.03,0.95,0.3
789280.509,0.03,-0.04,0.95,0.3
789283.67,0.03,-0.04,0.95,0.3
789286.502,0.03,-0.04,0.95,0.3
789289.589,0.03,-0.04,0.95,0.3
789293.144,0.03,-0.04,0.95,0.3
789295.503,0.03,-0.04,0.95,0.3
789298.476,0.03,-0.04,0.95,0.3
789301.48,0.03,-0.04,0.95,0.3
789305.164,0.03,-0.04,0.95,0.3
789307.553,0.04,-0.04,0.95,0.3
789310.523,0.04,-0.04,0.95,0.3
789313.515,0.04,-0.04,0.95,0.3
789317.252,0.04,-0.04,0.95,0.3
789319.483,0.04,-0.04,0.95,0.3
789322.506,0.04,-0.04,0.95,0.31
789326.094,0.04,-0.04,0.95,0.31
789328.603,0.04,-0.04,0.95,0.31
789331.494,0.04,-0.04,0.95,0.31
789334.492,0.04,-0.04,0.95,0.31
789337.502,0.04,-0.04,0.95,0.31
789340.724,0.04,-0.04,0.95,0.31
789343.482,0.04,-0.04,0.95,0.31
789346.54,0.04,-0.04,0.95,0.31
789349.496,0.04,-0.04,0.95,0.31
789353.895,0.04,-0.04,0.95,0.31
789355.497,0.04,-0.04,0.95,0.31
789358.483,0.04,-0.04,0.95,0.31
789361.483,0.04,-0.04,0.95,0.31
789364.57,0.04,-0.04,0.95,0.31
789368.223,0.04,-0.04,0.95,0.31
789370.68,0.04,-0.04,0.95,0.32
789373.566,0.04,-0.04,0.95,0.32
789376.515,0.04,-0.04,0.95,0.32
789380.245,0.04,-0.04,0.95,0.32
789382.516,0.04,-0.04,0.95,0.32
789385.899,0.04,-0.04,0.95,0.32
789388.576,0.04,-0.04,0.95,0.32
789391.492,0.04,-0.04,0.95,0.32
789394.485,0.04,-0.04,0.95,0.32
789398.148,0.04,-0.04,0.95,0.32
789400.5,0.04,-0.04,0.95,0.32
789403.585,0.04,-0.04,0.95,0.32
789406.501,0.04,-0.04,0.94,0.32
789409.496,0.04,-0.04,0.94,0.32
789413.179,0.04,-0.04,0.94,0.32
789415.679,0.04,-0.04,0.94,0.33
789418.48,0.04,-0.04,0.94,0.33
789421.485,0.04,-0.04,0.94,0.33
789425.198,0.04,-0.04,0.94,0.33
789427.565,0.04,-0.04,0.94,0.33
789430.681,0.04,-0.04,0.94,0.33
789433.51,0.04,-0.04,0.94,0.33
789436.565,0.04,-0.04,0.94,0.33
789440.401,0.04,-0.04,0.94,0.33
789442.53,0.04,-0.04,0.94,0.33
789445.908,0.04,-0.04,0.94,0.33
789448.483,0.04,-0.04,0.94,0.33
789451.478,0.04,-0.04,0.94,0.33
789454.478,0.04,-0.04,0.94,0.33
789458.176,0.04,-0.04,0.94,0.33
789460.618,0.04,-0.04,0.94,0.33
789463.481,0.04,-0.04,0.94,0.33
789466.512,0.04,-0.04,0.94,0.33
789469.49,0.04,-0.04,0.94,0.34
789472.496,0.04,-0.04,0.94,0.34
789475.633,0.04,-0.04,0.94,0.34
789478.487,0.04,-0.04,0.94,0.34
789482.156,0.04,-0.04,0.94,0.34
789484.507,0.04,-0.04,0.94,0.34
789487.562,0.04,-0.04,0.94,0.34
789490.619,0.04,-0.04,0.94,0.34
789493.553,0.04,-0.04,0.94,0.34
789496.611,0.04,-0.04,0.94,0.34
789500.198,0.04,-0.04,0.94,0.34
789502.499,0.04,-0.04,0.94,0.34
789505.638,0.04,-0.04,0.94,0.34
789508.478,0.04,-0.04,0.94,0.34
789512.153,0.04,-0.04,0.94,0.34
789514.612,0.04,-0.04,0.94,0.34
789517.521,0.04,-0.04,0.94,0.34
789520.898,0.04,-0.04,0.94,0.34
789523.48,0.04,-0.04,0.94,0.34
789526.508,0.04,-0.04,0.94,0.34
789529.489,0.04,-0.04,0.94,0.34
789533.151,0.04,-0.04,0.94,0.34
789535.54,0.04,-0.04,0.94,0.34
789538.488,0.04,-0.04,0.94,0.34
789542.168,0.04,-0.04,0.94,0.34
789544.526,0.04,-0.04,0.94,0.34
789547.638,0.04,-0.04,0.94,0.34
789550.768,0.04,-0.04,0.94,0.34
789553.513,0.04,-0.04,0.94,0.34
789556.521,0.04,-0.04,0.94,0.34
789560.187,0.04,-0.04,0.94,0.34
789562.494,0.04,-0.04,0.94,0.35
789565.582,0.04,-0.04,0.94,0.35
789568.487,0.04,-0.04,0.94,0.35
789571.491,0.04,-0.04,0.94,0.35
789574.504,0.04,-0.04,0.94,0.35
789578.675,0.04,-0.04,0.94,0.35
789580.531,0.04,-0.04,0.94,0.35
789583.477,0.04,-0.04,0.94,0.35
789586.481,0.04,-0.04,0.94,0.35
789589.575,0.04,-0.04,0.94,0.35
789592.495,0.04,-0.04,0.94,0.35
789596.141,0.04,-0.04,0.94,0.35
789598.489,0.04,-0.04,0.94,0.35
789601.485,0.04,-0.04,0.94,0.35
789605.247,0.04,-0.04,0.94,0.35
789607.547,0.04,-0.04,0.94,0.35
789610.622,0.04,-0.04,0.94,0.35
789613.522,0.04,-0.04,0.94,0.35
789616.524,0.04,-0.04,0.94,0.35
789620.21,0.04,-0.04,0.94,0.35
789622.494,0.04,-0.04,0.94,0.35
789625.478,0.04,-0.04,0.94,0.35
789628.49,0.04,-0.04,0.94,0.35
789632.153,0.04,-0.04,0.94,0.35
789634.504,0.04,-0.04,0.94,0.35
789637.585,0.04,-0.04,0.94,0.35
789640.608,0.04,-0.04,0.94,0.35
789643.513,0.04,-0.04,0.94,0.35
789646.5,0.04,-0.04,0.94,0.35
789650.185,0.04,-0.04,0.94,0.35
789652.487,0.04,-0.04,0.94,0.35
789655.539,0.04,-0.04,0.94,0.35
789658.482,0.04,-0.04,0.94,0.35
789661.594,0.04,-0.04,0.94,0.35
789665.323,0.04,-0.04,0.94,0.35
789667.586,0.04,-0.04,0.94,0.35
789670.612,0.04,-0.04,0.94,0.35
789673.515,0.04,-0.04,0.94,0.35
789676.514,0.04,-0.04,0.94,0.35
789680.19,0.04,-0.04,0.94,0.35
789682.589,0.04,-0.04,0.94,0.35
789685.489,0.04,-0.04,0.94,0.35
789688.489,0.04,-0.04,0.94,0.35
789692.154,0.04,-0.04,0.94,0.35
789694.506,0.04,-0.04,0.94,0.35
789697.957,0.04,-0.04,0.94,0.35
789700.477,0.04,-0.04,0.94,0.35
789703.481,0.04,-0.04,0.94,0.35
789707.185,0.04,-0.04,0.94,0.35
789709.506,0.04,-0.04,0.94,0.35
789712.522,0.04,-0.04,0.94,0.35
789718.134,0.04,-0.04,0.94,0.35
789720.073,0.04,-0.04,0.94,0.35
789729.893,0.04,-0.04,0.93,0.35
789732.71,0.04,-0.04,0.93,0.35
789742.384,0.04,-0.04,0.93,0.35
789744.198,0.04,-0.04,0.93,0.35
789748.862,0.04,-0.04,0.93,0.35
789750.856,0.04,-0.04,0.93,0.35
789753.708,0.04,-0.04,0.93,0.35
789757.61,0.04,-0.04,0.93,0.35
789760.516,0.04,-0.04,0.93,0.35
789763.517,0.04,-0.04,0.93,0.35
789766.52,0.04,-0.04,0.93,0.36
789770.21,0.04,-0.04,0.93,0.36
789772.512,0.04,-0.04,0.93,0.36
789775.493,0.04,-0.04,0.93,0.36
789778.481,0.04,-0.05,0.93,0.36
789782.17,0.04,-0.05,0.93,0.36
789784.558,0.04,-0.05,0.93,0.36
789787.509,0.04,-0.05,0.93,0.36
789790.577,0.04,-0.05,0.93,0.36
789793.485,0.03,-0.05,0.93,0.36
789797.16,0.03,-0.05,0.93,0.36
789799.503,0.03,-0.05,0.93,0.36
789802.863,0.03,-0.05,0.93,0.36
789805.482,0.03,-0.05,0.93,0.36
789808.48,0.03,-0.05,0.93,0.37
789811.491,0.03,-0.05,0.93,0.37
789815.235,0.03,-0.05,0.93,0.37
789817.537,0.03,-0.05,0.93,0.37
789820.635,0.03,-0.05,0.93,0.37
789823.563,0.03,-0.05,0.93,0.37
789826.571,0.03,-0.05,0.93,0.37
789830.195,0.03,-0.05,0.93,0.37
789832.496,0.03,-0.05,0.93,0.37
789835.478,0.03,-0.05,0.93,0.37
789838.504,0.03,-0.05,0.93,0.37
789841.497,0.03,-0.05,0.93,0.37
789845.173,0.03,-0.05,0.92,0.38
789847.501,0.03,-0.05,0.92,0.38
789850.504,0.03,-0.05,0.92,0.38
789853.496,0.03,-0.05,0.92,0.38
789856.51,0.03,-0.05,0.92,0.38
789860.19,0.03,-0.05,0.92,0.38
789862.538,0.03,-0.05,0.92,0.38
789865.572,0.03,-0.05,0.92,0.38
789868.493,0.03,-0.05,0.92,0.38
789871.59,0.03,-0.05,0.92,0.38
789875.146,0.03,-0.05,0.92,0.38
789877.56,0.03,-0.05,0.92,0.39
789880.678,0.03,-0.05,0.92,0.39
789883.529,0.03,-0.05,0.92,0.39
789886.577,0.03,-0.05,0.92,0.39
789890.307,0.03,-0.05,0.92,0.39
789892.491,0.03,-0.06,0.92,0.39
789895.483,0.03,-0.06,0.92,0.39
789898.472,0.03,-0.06,0.92,0.39
789901.495,0.03,-0.06,0.92,0.39
789905.17,0.03,-0.06,0.92,0.39
789907.496,0.03,-0.06,0.92,0.39
789910.483,0.03,-0.06,0.92,0.4
789913.479,0.03,-0.06,0.92,0.4
789917.319,0.03,-0.06,0.92,0.4
789919.598,0.03,-0.06,0.92,0.4
789923.087,0.03,-0.06,0.92,0.4
789925.483,0.03,-0.06,0.91,0.4
789928.481,0.03,-0.06,0.91,0.4
789931.488,0.03,-0.06,0.91,0.4
789935.191,0.03,-0.06,0.91,0.4
789937.732,0.03,-0.06,0.91,0.4
789940.627,0.03,-0.06,0.91,0.4
789943.526,0.03,-0.06,0.91,0.4
789947.312,0.03,-0.06,0.91,0.4
789950.24,0.03,-0.06,0.91,0.41
789952.647,0.03,-0.06,0.91,0.41
789955.489,0.02,-0.06,0.91,0.41
789958.519,0.02,-0.06,0.91,0.41
789961.496,0.02,-0.06,0.91,0.41
789965.279,0.02,-0.06,0.91,0.41
789967.635,0.02,-0.06,0.91,0.41
789970.486,0.02,-0.06,0.91,0.41
789973.478,0.02,-0.06,0.91,0.41
789976.485,0.02,-0.06,0.91,0.41
789980.188,0.02,-0.06,0.91,0.41
789982.69,0.02,-0.06,0.91,0.41
789985.614,0.02,-0.06,0.91,0.41
789988.606,0.02,-0.06,0.91,0.42
789991.498,0.02,-0.06,0.91,0.42
789995.162,0.02,-0.06,0.91,0.42
789997.712,0.02,-0.06,0.91,0.42
790000.52,0.02,-0.06,0.91,0.42
790003.517,0.02,-0.06,0.9,0.42
790006.515,0.02,-0.06,0.9,0.42
790010.18,0.02,-0.06,0.9,0.42
790012.629,0.02,-0.06,0.9,0.42
790015.573,0.02,-0.07,0.9,0.43
790018.482,0.02,-0.07,0.9,0.43
790022.164,0.02,-0.07,0.9,0.43
790024.51,0.02,-0.07,0.9,0.43
790027.617,0.02,-0.07,0.9,0.43
790030.482,0.02,-0.07,0.9,0.43
790033.489,0.02,-0.07,0.9,0.43
790037.2,0.02,-0.07,0.9,0.43
790039.603,0.02,-0.07,0.9,0.44
790042.948,0.02,-0.07,0.9,0.44
790045.496,0.02,-0.07,0.9,0.44
790048.503,0.02,-0.07,0.9,0.44
790051.498,0.02,-0.07,0.89,0.44
790054.601,0.02,-0.07,0.89,0.44
790057.645,0.02,-0.07,0.89,0.44
790060.534,0.02,-0.07,0.89,0.45
790064.48,0.02,-0.07,0.89,0.45
790066.53,0.02,-0.07,0.89,0.45
790069.52,0.01,-0.07,0.89,0.45
790075.535,0.01,-0.07,0.89,0.45
790077.643,0.01,-0.07,0.89,0.46
790081.107,0.01,-0.07,0.89,0.46
790084.16,0.01,-0.07,0.88,0.46
790085.767,0.01,-0.07,0.88,0.46
790089.696,0.01,-0.07,0.88,0.47
790091.923,0.01,-0.07,0.88,0.47
790094.566,0.01,-0.07,0.88,0.47
790096.958,0.01,-0.07,0.88,0.47
790099.5,0.01,-0.07,0.88,0.47
790102.544,0.01,-0.07,0.88,0.47
790105.596,0.01,-0.07,0.88,0.48
790108.49,0.01,-0.07,0.88,0.48
790111.487,0.01,-0.07,0.87,0.48
790114.738,0.01,-0.08,0.87,0.48
790117.6,0.01,-0.08,0.87,0.48
790120.518,0.01,-0.08,0.87,0.48
790123.517,0.01,-0.08,0.87,0.49
790127.199,0.01,-0.08,0.87,0.49
790129.495,0.01,-0.08,0.87,0.49
790132.496,0.01,-0.08,0.87,0.49
790135.483,0.01,-0.08,0.87,0.5
790138.501,0.01,-0.08,0.86,0.5
790141.55,0.01,-0.08,0.86,0.5
790145.261,0.01,-0.08,0.86,0.5
790147.491,0.01,-0.08,0.86,0.5
790150.497,0.01,-0.08,0.86,0.5
790153.581,0.01,-0.08,0.86,0.51
790157.231,0.01,-0.08,0.86,0.51
790159.51,0.0,-0.08,0.86,0.51
790162.507,0.0,-0.08,0.85,0.51
790165.6,0.0,-0.08,0.85,0.52
790169.171,0.0,-0.08,0.85,0.52
790171.514,0.0,-0.08,0.85,0.52
790175.16,0.0,-0.08,0.85,0.52
790177.537,0.0,-0.08,0.85,0.52
790180.512,0.0,-0.08,0.85,0.53
790183.529,0.0,-0.08,0.85,0.53
790187.213,0.0,-0.08,0.84,0.53
790189.601,0.0,-0.08,0.84,0.53
790192.553,0.0,-0.08,0.84,0.53
790195.487,0.0,-0.08,0.84,0.54
790198.481,0.0,-0.08,0.84,0.54
790202.173,0.0,-0.08,0.84,0.54
790204.604,-0.0,-0.08,0.84,0.54
790207.603,-0.0,-0.08,0.83,0.54
790210.481,-0.0,-0.08,0.83,0.55
790213.483,-0.0,-0.08,0.83,0.55
790217.155,-0.0,-0.08,0.83,0.55
790219.503,-0.0,-0.08,0.83,0.55
790222.502,-0.0,-0.08,0.83,0.55
790225.505,-0.0,-0.08,0.83,0.56
790228.481,-0.0,-0.08,0.83,0.56
790231.514,-0.0,-0.08,0.83,0.56
790234.554,-0.0,-0.08,0.82,0.56
790237.528,-0.0,-0.08,0.82,0.56
790240.623,-0.0,-0.08,0.82,0.56
790243.516,-0.0,-0.08,0.82,0.57
790246.939,-0.01,-0.08,0.82,0.57
790249.546,-0.01,-0.08,0.82,0.57
790252.478,-0.01,-0.08,0.82,0.57
790258.297,-0.01,-0.08,0.82,0.57
790260.503,-0.01,-0.08,0.81,0.58
790263.72,-0.01,-0.08,0.81,0.58
790268.315,-0.01,-0.08,0.81,0.58
790269.562,-0.01,-0.08,0.81,0.58
790272.013,-0.01,-0.08,0.81,0.58
790274.139,-0.01,-0.08,0.81,0.58
790276.732,-0.01,-0.08,0.81,0.59
790279.922,-0.01,-0.08,0.81,0.59
790282.48,-0.01,-0.08,0.81,0.59
790285.487,-0.01,-0.08,0.8,0.59
790288.495,-0.01,-0.08,0.8,0.59
790291.495,-0.01,-0.08,0.8,0.59
790294.962,-0.01,-0.08,0.8,0.59
790297.532,-0.01,-0.08,0.8,0.59
790300.525,-0.01,-0.08,0.8,0.59
790303.534,-0.01,-0.08,0.8,0.59
790307.269,-0.01,-0.08,0.8,0.6
790309.52,-0.01,-0.08,0.8,0.6
790312.484,-0.01,-0.08,0.8,0.6
790315.606,-0.01,-0.08,0.8,0.6
790319.16,-0.01,-0.08,0.8,0.6
790322.227,-0.01,-0.07,0.79,0.6
790324.505,-0.01,-0.07,0.79,0.6
790327.514,-0.01,-0.07,0.79,0.6
790330.484,-0.01,-0.07,0.79,0.6
790334.166,-0.01,-0.07,0.79,0.61
790336.485,-0.01,-0.07,0.79,0.61
790339.657,-0.01,-0.07,0.79,0.61
790342.477,-0.01,-0.07,0.79,0.61
790345.494,-0.01,-0.07,0.79,0.61
790348.477,-0.01,-0.07,0.79,0.61
790352.151,-0.01,-0.07,0.79,0.61
790354.502,-0.01,-0.07,0.79,0.61
790357.763,-0.02,-0.07,0.79,0.61
790360.54,-0.02,-0.07,0.79,0.61
790363.614,-0.02,-0.07,0.79,0.61
790367.215,-0.02,-0.07,0.79,0.61
790369.519,-0.02,-0.07,0.79,0.61
790372.507,-0.02,-0.07,0.79,0.61
790375.484,-0.02,-0.07,0.79,0.61
790378.498,-0.02,-0.07,0.79,0.61
790382.164,-0.02,-0.07,0.79,0.61
790385.038,-0.02,-0.07,0.79,0.62
790387.488,-0.02,-0.07,0.79,0.62
790390.573,-0.02,-0.06,0.79,0.62
790393.493,-0.02,-0.06,0.79,0.62
790396.543,-0.02,-0.06,0.78,0.62
790400.131,-0.02,-0.06,0.78,0.62
790402.477,-0.02,-0.06,0.78,0.62
790405.512,-0.02,-0.06,0.78,0.62
790408.476,-0.02,-0.06,0.78,0.62
790412.181,-0.02,-0.06,0.78,0.62
790414.703,-0.02,-0.06,0.78,0.62
790417.54,-0.02,-0.06,0.78,0.62
790420.516,-0.02,-0.06,0.78,0.62
790423.525,-0.02,-0.06,0.78,0.62
790427.193,-0.02,-0.06,0.78,0.62
790429.483,-0.02,-0.06,0.78,0.62
790432.496,-0.02,-0.06,0.78,0.62
790435.494,-0.02,-0.06,0.78,0.62
790438.498,-0.02,-0.06,0.79,0.62
790442.163,-0.02,-0.06,0.79,0.62
790444.502,-0.02,-0.06,0.79,0.62
790447.478,-0.02,-0.05,0.79,0.62
790450.493,-0.02,-0.05,0.79,0.62
790453.478,-0.02,-0.05,0.79,0.62
790457.156,-0.02,-0.05,0.79,0.62
790459.504,-0.02,-0.05,0.79,0.61
790462.652,-0.02,-0.05,0.79,0.61
790465.714,-0.02,-0.05,0.79,0.61
790468.482,-0.02,-0.05,0.79,0.61
790472.145,-0.02,-0.05,0.79,0.61
790474.492,-0.02,-0.05,0.79,0.61
790477.522,-0.02,-0.05,0.79,0.61
790481.204,-0.02,-0.05,0.79,0.61
790483.555,-0.02,-0.05,0.79,0.61
790486.53,-0.02,-0.05,0.79,0.61
790489.76,-0.02,-0.05,0.79,0.61
790492.482,-0.02,-0.05,0.79,0.61
790495.475,-0.02,-0.04,0.79,0.61
790499.218,-0.02,-0.04,0.79,0.61
790501.588,-0.02,-0.04,0.79,0.61
790505.01,-0.02,-0.04,0.79,0.61
790507.483,-0.02,-0.04,0.79,0.61
790510.485,-0.02,-0.04,0.79,0.61
790513.495,-0.02,-0.04,0.79,0.61
790516.503,-0.02,-0.04,0.79,0.61
790519.849,-0.02,-0.04,0.79,0.61
790522.498,-0.02,-0.04,0.8,0.6
790525.593,-0.02,-0.04,0.8,0.6
790528.484,-0.02,-0.04,0.8,0.6
790531.497,-0.02,-0.04,0.8,0.6
790534.627,-0.02,-0.04,0.8,0.6
790537.524,-0.02,-0.04,0.8,0.6
790541.338,-0.02,-0.04,0.8,0.6
790543.52,-0.02,-0.03,0.8,0.6
790546.537,-0.02,-0.03,0.8,0.6
790549.611,-0.02,-0.03,0.8,0.6
790552.509,-0.02,-0.03,0.8,0.6
790555.477,-0.02,-0.03,0.8,0.6
790558.504,-0.02,-0.03,0.8,0.6
790562.179,-0.02,-0.03,0.8,0.6
790564.828,-0.02,-0.03,0.8,0.6
790567.482,-0.02,-0.03,0.8,0.6
790570.477,-0.02,-0.03,0.8,0.6
790573.564,-0.02,-0.03,0.8,0.6
790577.217,-0.02,-0.03,0.8,0.6
790579.614,-0.02,-0.03,0.8,0.59
790582.512,-0.02,-0.03,0.8,0.59
790585.506,-0.02,-0.03,0.8,0.59
790588.505,-0.02,-0.03,0.8,0.59
790592.866,-0.02,-0.03,0.8,0.59
790594.601,-0.02,-0.03,0.8,0.59
790597.533,-0.02,-0.03,0.8,0.59
790601.222,-0.02,-0.03,0.8,0.59
790603.578,-0.02,-0.03,0.81,0.59
790606.558,-0.02,-0.03,0.81,0.59
790609.765,-0.02,-0.03,0.81,0.59
790612.482,-0.02,-0.03,0.81,0.59
790615.601,-0.02,-0.02,0.81,0.59
790619.151,-0.02,-0.02,0.81,0.59
790621.503,-0.02,-0.02,0.81,0.59
790624.917,-0.02,-0.02,0.81,0.59
790627.488,-0.02,-0.02,0.81,0.59
790630.489,-0.02,-0.02,0.81,0.59
790633.493,-0.02,-0.02,0.81,0.59
790636.812,-0.02,-0.02,0.81,0.59
790639.655,-0.02,-0.02,0.81,0.59
790642.473,-0.02,-0.02,0.81,0.59
790645.9,-0.02,-0.02,0.81,0.59
790648.499,-0.02,-0.02,0.81,0.59
790656.583,-0.02,-0.02,0.81,0.59
790660.418,-0.02,-0.02,0.81,0.59
790662.648,-0.02,-0.02,0.81,0.59
790665.801,-0.02,-0.02,0.8,0.59
790667.993,-0.02,-0.02,0.8,0.59
790671.245,-0.02,-0.02,0.8,0.59
790673.062,-0.02,-0.02,0.8,0.59
790675.533,-0.02,-0.02,0.8,0.59
790678.529,-0.02,-0.02,0.8,0.59
790681.546,-0.02,-0.02,0.8,0.59
790684.847,-0.02,-0.02,0.8,0.59
790687.513,-0.02,-0.02,0.8,0.59
790690.576,-0.02,-0.02,0.8,0.6
790693.482,-0.02,-0.02,0.8,0.6
790697.187,-0.02,-0.02,0.8,0.6
790699.582,-0.02,-0.02,0.8,0.6
790702.549,-0.02,-0.02,0.8,0.6
790705.538,-0.02,-0.02,0.8,0.6
790709.168,-0.02,-0.02,0.8,0.6
790711.51,-0.02,-0.02,0.8,0.6
790714.593,-0.02,-0.02,0.8,0.6
790717.482,-0.02,-0.02,0.8,0.6
790720.478,-0.02,-0.02,0.8,0.6
790724.177,-0.02,-0.02,0.8,0.6
790726.565,-0.02,-0.02,0.8,0.6
790729.482,-0.02,-0.02,0.8,0.6
790732.484,-0.02,-0.02,0.8,0.6
790675.533,-0.02,-0.02,0.8,0.59
790678.529,-0.02,-0.02,0.8,0.59
790681.546,-0.02,-0.02,0.8,0.59
790684.847,-0.02,-0.02,0.8,0.59
